svace_severity,svace_checker,file,svace_line,class_name,anchor_status,status,state,verdict_kind,red_verified,green_verified,prove_attempts,test_path,pr_title,verdict_text
Major,FB.COMMAND_INJECTION,org/dummy/insecure/framework/VulnerableTaskHolder.java,69.0,VulnerableTaskHolder,exact,by_design,by_design,by-design,False,True,2,src/test/java/org/dummy/insecure/framework/VulnerableTaskHolderFsmProofTest.java,Fix command injection in VulnerableTaskHolder,"The marker correctly identifies that taskAction is passed directly to Runtime.getRuntime().exec() without proper sanitization, allowing shell metacharacter injection. However, this is a by-design vulnerability within the WebGoat training application, as evidenced by the package name org.dummy.insecu"
Minor,FB.DM_DEFAULT_ENCODING,org/dummy/insecure/framework/VulnerableTaskHolder.java,70.0,VulnerableTaskHolder,exact,by_design,by_design,by-design,False,False,2,src/test/java/org/dummy/insecure/framework/VulnerableTaskHolderFsmProofTest.java,Fix default charset usage in VulnerableTaskHolder,"The marker correctly identifies that new InputStreamReader(p.getInputStream()) at line 70 relies on the platform default charset. However, this class resides in org.dummy.insecure.framework and is explicitly named VulnerableTaskHolder, marking it as a deliberately unhardened teaching artifact for We"
Minor,FB.OS_OPEN_STREAM,org/dummy/insecure/framework/VulnerableTaskHolder.java,70.0,VulnerableTaskHolder,exact,verified,pr_ready,true-positive,True,True,1,src/test/java/org/dummy/insecure/framework/VulnerableTaskHolderFsmProofTest.java,Fix resource leak in VulnerableTaskHolder by closing BufferedReader,"CONFIRMED, and fixed. JUnit test `src/test/java/org/dummy/insecure/framework/VulnerableTaskHolderFsmProofTest.java` on JDK 25 fails on the unpatched code and passes after the recorded change, so the marker describes a real defect and the fix addresses it. Root cause: The BufferedReader wrapping the "
Minor,FB.DM_DEFAULT_ENCODING,org/owasp/webgoat/container/AsciiDoctorTemplateResolver.java,76.0,AsciiDoctorTemplateResolver,exact,unprovable,unprovable,unprovable,False,False,3,src/test/java/org/owasp/webgoat/container/AsciiDoctorTemplateResolverFsmProofTest.java,Fix: Respect characterEncoding parameter in AsciiDoctorTemplateResolver,"The marker correctly identifies that `new InputStreamReader(is)` on line 76 omits a charset argument, implicitly relying on the platform default. The `characterEncoding` parameter passed to `computeTemplateResource` is completely ignored, making the AsciiDoctor conversion environment-dependent. This"
Minor,FB.EI_EXPOSE_REP2,org/owasp/webgoat/container/DatabaseConfiguration.java,22.0,DatabaseConfiguration,no-method,false_positive,false_positive,false-positive,False,False,2,src/test/java/org/owasp/webgoat/container/DatabaseConfigurationFsmProofTest.java,FB.EI_EXPOSE_REP2 at DatabaseConfiguration.java:22,"The checker flags the Lombok-generated constructor for assigning the injected `DataSourceProperties` to the `private final` field at line 22. Because the field is strictly private and the class provides no public getter or setter, external callers cannot access or mutate the stored reference. The on"
Minor,FB.EI_EXPOSE_REP2,org/owasp/webgoat/container/HammerHead.java,15.0,HammerHead,no-method,verified,pr_ready,true-positive,True,True,2,src/test/java/org/owasp/webgoat/container/HammerHeadFsmProofTest.java,Cache first lesson in HammerHead to prevent external mutation exposure,"CONFIRMED, and fixed. JUnit test `src/test/java/org/owasp/webgoat/container/HammerHeadFsmProofTest.java` on JDK 25 fails on the unpatched code and passes after the recorded change, so the marker describes a real defect and the fix addresses it. Root cause: HammerHead stored a direct reference to the"
Minor,FB.EI_EXPOSE_REP2,org/owasp/webgoat/container/LessonDataSource.java,22.0,LessonDataSource,exact,verified,needs_review,needs-review,True,True,1,src/test/java/org/owasp/webgoat/container/LessonDataSourceFsmProofTest.java,Fix EI_EXPOSE_REP2 by capturing DataSource connection at construction,"CONFIRMED by execution, but the RESULT IS NOT TRUSTWORTHY AS IT STANDS and a human must look before anything is proposed. JUnit test `src/test/java/org/owasp/webgoat/container/LessonDataSourceFsmProofTest.java` on JDK 25 flipped red to green, however: ⚠ FIX SKEPTIC (regression-risk): Caching a singl"
Minor,FB.EI_EXPOSE_REP,org/owasp/webgoat/container/LessonResourceScanner.java,23.0,LessonResourceScanner,no-method,verified,pr_ready,true-positive,True,True,1,src/test/java/org/owasp/webgoat/container/LessonResourceScannerFsmProofTest.java,Prevent external modification of LessonResourceScanner internal state,"CONFIRMED, and fixed. JUnit test `src/test/java/org/owasp/webgoat/container/LessonResourceScannerFsmProofTest.java` on JDK 25 fails on the unpatched code and passes after the recorded change, so the marker describes a real defect and the fix addresses it. Root cause: Lombok's @Getter annotation gene"
Major,DEREF_AFTER_NULL,org/owasp/webgoat/container/LessonTemplateResolver.java,61.0,LessonTemplateResolver,exact,verified,pr_ready,true-positive,True,True,1,src/test/java/org/owasp/webgoat/container/LessonTemplateResolverFsmProofTest.java,Fix NPE in LessonTemplateResolver when resource is not found,"CONFIRMED, and fixed. JUnit test `src/test/java/org/owasp/webgoat/container/LessonTemplateResolverFsmProofTest.java` on JDK 25 fails on the unpatched code and passes after the recorded change, so the marker describes a real defect and the fix addresses it. Root cause: resourceLoader.getResource() ca"
Minor,FB.NP_NULL_PARAM_DEREF,org/owasp/webgoat/container/LessonTemplateResolver.java,61.0,LessonTemplateResolver,exact,verified,pr_ready,true-positive,True,True,1,src/test/java/org/owasp/webgoat/container/LessonTemplateResolverFsmProofTest.java,Fix NPE when ResourceLoader returns null in LessonTemplateResolver,"CONFIRMED, and fixed. JUnit test `src/test/java/org/owasp/webgoat/container/LessonTemplateResolverFsmProofTest.java` on JDK 25 fails on the unpatched code and passes after the recorded change, so the marker describes a real defect and the fix addresses it. Root cause: resourceLoader.getResource() ca"
Minor,FB.PATH_TRAVERSAL_IN,org/owasp/webgoat/container/WebGoat.java,31.0,WebGoat,exact,false_positive,false_positive,false-positive,False,False,2,src/test/java/org/owasp/webgoat/container/WebGoatFsmProofTest.java,Fix path traversal vulnerability in pluginTargetDirectory bean,"The marker is a false positive. The webgoatHome parameter is populated via Spring's @Value(""${webgoat.user.directory}"") annotation, which resolves deployment-time configuration from application.properties or environment variables, not from untrusted runtime user input. Furthermore, instantiating new"
Minor,FB.EI_EXPOSE_REP2,org/owasp/webgoat/container/WebSecurityConfig.java,24.0,WebSecurityConfig,no-method,false_positive,false_positive,false-positive,False,False,2,src/test/java/org/owasp/webgoat/container/WebSecurityConfigFsmProofTest.java,FB.EI_EXPOSE_REP2 at WebSecurityConfig.java:24,"The marker flags private final UserService userDetailsService; at line 24, claiming the constructor stores a mutable object without a defensive copy. This is a false positive because UserService is declared as an interface, which cannot hold mutable state that would be leaked through a reference. Fu"
Minor,PROC_USE.VULNERABLE,org/owasp/webgoat/container/WebSecurityConfig.java,61.0,WebSecurityConfig,exact,false_positive,false_positive,false-positive,False,False,2,src/test/java/org/owasp/webgoat/container/WebSecurityConfigFsmProofTest.java,PROC_USE.VULNERABLE at WebSecurityConfig.java:61,"The marker claims that a process is launched from an externally-controlled command string at line 61, but the code at that location is simply .oauth2Login(oidc -> { ... }), a Spring Security configuration call that registers OAuth2/OIDC authentication filters. This method chain exclusively configure"
Minor,FB.EI_EXPOSE_REP,org/owasp/webgoat/container/WebSecurityConfig.java,77.0,WebSecurityConfig,exact,false_positive,false_positive,false-positive,False,False,2,src/test/java/org/owasp/webgoat/container/WebSecurityConfigFsmProofTest.java,Fix EI_EXPOSE_REP warning in WebSecurityConfig,"The FB.EI_EXPOSE_REP checker incorrectly flags configureGlobal() as a getter exposing internal mutable state, but the method is a Spring @Autowired configuration callback with a void return type. It does not return any field; instead, it passes the injected userDetailsService dependency to the frame"
Major,FB.ST_WRITE_TO_STATIC_FROM_INSTANCE_METHOD,org/owasp/webgoat/container/asciidoc/EnvironmentExposure.java,28.0,EnvironmentExposure,exact,false_positive,false_positive,false-positive,False,False,2,src/test/java/org/owasp/webgoat/container/asciidoc/EnvironmentExposureFsmProofTest.java,Remove static modifier from EnvironmentExposure fields and methods,"The marker flags the assignment at line 28 as a potential race condition because an instance method writes to a static field. However, this class implements Spring's ApplicationContextAware interface, and the setApplicationContext callback is invoked exactly once by the container during singleton be"
Minor,FB.EI_EXPOSE_REP,org/owasp/webgoat/container/assignments/AttackResult.java,17.0,AttackResult,no-method,verified,pr_ready,true-positive,True,True,2,src/test/java/org/owasp/webgoat/container/assignments/AttackResultFsmProofTest.java,Defensively copy feedbackArgs in AttackResult getter,"CONFIRMED, and fixed. JUnit test `src/test/java/org/owasp/webgoat/container/assignments/AttackResultFsmProofTest.java` on JDK 25 fails on the unpatched code and passes after the recorded change, so the marker describes a real defect and the fix addresses it. Root cause: The @Getter annotation genera"
Minor,FB.EI_EXPOSE_REP,org/owasp/webgoat/container/assignments/AttackResult.java,19.0,AttackResult,no-method,verified,pr_ready,true-positive,True,True,1,src/test/java/org/owasp/webgoat/container/assignments/AttackResultFsmProofTest.java,Return defensive copies for mutable array fields in AttackResult,"CONFIRMED, and fixed. JUnit test `src/test/java/org/owasp/webgoat/container/assignments/AttackResultFsmProofTest.java` on JDK 25 fails on the unpatched code and passes after the recorded change, so the marker describes a real defect and the fix addresses it. Root cause: Lombok's @Getter annotation g"
Minor,FB.EI_EXPOSE_REP2,org/owasp/webgoat/container/assignments/AttackResult.java,46.0,AttackResult,exact,verified,pr_ready,true-positive,True,True,1,src/test/java/org/owasp/webgoat/container/assignments/AttackResultFsmProofTest.java,Defensive copy `feedbackArgs` in `AttackResult` constructor,"CONFIRMED, and fixed. JUnit test `src/test/java/org/owasp/webgoat/container/assignments/AttackResultFsmProofTest.java` on JDK 25 fails on the unpatched code and passes after the recorded change, so the marker describes a real defect and the fix addresses it. Root cause: The constructor directly assi"
Minor,FB.EI_EXPOSE_REP2,org/owasp/webgoat/container/assignments/AttackResult.java,48.0,AttackResult,exact,reproduced,fix_failed,true-positive-unfixed,True,False,1,src/test/java/org/owasp/webgoat/container/assignments/AttackResultFsmProofTest.java,Fix mutable array exposure in AttackResult constructor,"CONFIRMED as a real defect, but UNFIXED. JUnit test `src/test/java/org/owasp/webgoat/container/assignments/AttackResultFsmProofTest.java` on JDK 25 fails on the unpatched code, which demonstrates the marker holds. No source-only fix could be produced that made it pass (edit not applied: src/main/jav"
Minor,FB.EI_EXPOSE_REP2,org/owasp/webgoat/container/assignments/AttackResultMessageResponseBodyAdvice.java,23.0,AttackResultMessageResponseBodyAdvice,exact,infra_stuck,infra_error,undetermined,False,False,3,src/test/java/org/owasp/webgoat/container/assignments/AttackResultMessageResponseBodyAdviceFsmProofTest.java,FB.EI_EXPOSE_REP2 at AttackResultMessageResponseBodyAdvice.java:23,"NOT SETTLED. The pipeline could not get this marker to a testable state after 3 attempts, so nothing here is a judgement about the code — the marker is neither confirmed nor refuted and still needs a human. What blocked it: reproducer reply was not parseable JSON."
Minor,FB.EI_EXPOSE_REP2,org/owasp/webgoat/container/assignments/LessonTrackerInterceptor.java,29.0,LessonTrackerInterceptor,exact,false_positive,false_positive,false-positive,False,False,2,src/test/java/org/owasp/webgoat/container/assignments/LessonTrackerInterceptorFsmProofTest.java,Fix EI_EXPOSE_REP2 static analysis warning in LessonTrackerInterceptor,"The constructor directly assigns the course and userProgressRepository parameters to instance fields, triggering the EI_EXPOSE_REP2 warning about storing mutable references. However, this class is annotated with @RestControllerAdvice, meaning it is instantiated and wired exclusively by the Spring Fr"
Minor,FB.EI_EXPOSE_REP2,org/owasp/webgoat/container/controller/StartLesson.java,19.0,StartLesson,exact,reproduced,fix_failed,true-positive-unfixed,True,False,2,src/test/java/org/owasp/webgoat/container/controller/StartLessonFsmProofTest.java,Fix FB.EI_EXPOSE_REP2 by defensively copying lessons list in StartLesson,"CONFIRMED as a real defect, but UNFIXED. JUnit test `src/test/java/org/owasp/webgoat/container/controller/StartLessonFsmProofTest.java` on JDK 25 fails on the unpatched code, which demonstrates the marker holds. No source-only fix could be produced that made it pass, so this marker needs a human to "
Minor,FB.EI_EXPOSE_REP2,org/owasp/webgoat/container/i18n/Language.java,17.0,Language,no-method,false_positive,false_positive,false-positive,False,False,2,src/test/java/org/owasp/webgoat/container/i18n/LanguageFsmProofTest.java,FB.EI_EXPOSE_REP2 at Language.java:17,"The marker targets the Lombok-generated constructor for the field `private final LocaleResolver localeResolver;`, claiming it exposes mutable internals. However, `LocaleResolver` is a Spring framework interface, not a mutable concrete class or collection. In dependency injection, storing direct refe"
Minor,FB.EI_EXPOSE_REP,org/owasp/webgoat/container/lessons/Assignment.java,29.0,Assignment,no-method,reproduced,fix_failed,true-positive-unfixed,True,False,1,src/test/java/org/owasp/webgoat/container/lessons/AssignmentFsmProofTest.java,Fix: Return defensive copy of hints list in Assignment,"CONFIRMED as a real defect, but UNFIXED. JUnit test `src/test/java/org/owasp/webgoat/container/lessons/AssignmentFsmProofTest.java` on JDK 25 fails on the unpatched code, which demonstrates the marker holds. No source-only fix could be produced that made it pass, so this marker needs a human to writ"
Minor,FB.EI_EXPOSE_REP2,org/owasp/webgoat/container/lessons/Assignment.java,49.0,Assignment,exact,verified,pr_ready,true-positive,True,True,1,src/test/java/org/owasp/webgoat/container/lessons/AssignmentFsmProofTest.java,Fix encapsulation violation by defensively copying hints list in Assignment constructor,"CONFIRMED, and fixed. JUnit test `src/test/java/org/owasp/webgoat/container/lessons/AssignmentFsmProofTest.java` on JDK 25 fails on the unpatched code and passes after the recorded change, so the marker describes a real defect and the fix addresses it. Root cause: The constructor directly assigns th"
Minor,FB.EI_EXPOSE_REP2,org/owasp/webgoat/container/lessons/CourseConfiguration.java,34.0,CourseConfiguration,exact,verified,pr_ready,true-positive,True,True,1,src/test/java/org/owasp/webgoat/container/lessons/CourseConfigurationFsmProofTest.java,Defensively copy mutable lists in CourseConfiguration constructor,"CONFIRMED, and fixed. JUnit test `src/test/java/org/owasp/webgoat/container/lessons/CourseConfigurationFsmProofTest.java` on JDK 25 fails on the unpatched code and passes after the recorded change, so the marker describes a real defect and the fix addresses it. Root cause: The constructor directly a"
Minor,FB.EI_EXPOSE_REP2,org/owasp/webgoat/container/lessons/CourseConfiguration.java,35.0,CourseConfiguration,exact,verified,pr_ready,true-positive,True,True,2,src/test/java/org/owasp/webgoat/container/lessons/CourseConfigurationFsmProofTest.java,Defensively copy assignments list in CourseConfiguration constructor,"CONFIRMED, and fixed. JUnit test `src/test/java/org/owasp/webgoat/container/lessons/CourseConfigurationFsmProofTest.java` on JDK 25 fails on the unpatched code and passes after the recorded change, so the marker describes a real defect and the fix addresses it. Root cause: The constructor directly a"
Minor,FB.EI_EXPOSE_REP2,org/owasp/webgoat/container/lessons/Lesson.java,13.0,Lesson,no-method,verified,pr_ready,true-positive,True,True,1,src/test/java/org/owasp/webgoat/container/lessons/LessonFsmProofTest.java,Defensively copy assignments list in Lesson setter,"CONFIRMED, and fixed. JUnit test `src/test/java/org/owasp/webgoat/container/lessons/LessonFsmProofTest.java` on JDK 25 fails on the unpatched code and passes after the recorded change, so the marker describes a real defect and the fix addresses it. Root cause: Lombok's @Setter annotation generates a"
Minor,FB.EI_EXPOSE_REP,org/owasp/webgoat/container/lessons/Lesson.java,16.0,Lesson,no-method,verified,pr_ready,true-positive,True,True,1,src/test/java/org/owasp/webgoat/container/lessons/LessonFsmProofTest.java,Return defensive copy from Lesson.getAssignments(),"CONFIRMED, and fixed. JUnit test `src/test/java/org/owasp/webgoat/container/lessons/LessonFsmProofTest.java` on JDK 25 fails on the unpatched code and passes after the recorded change, so the marker describes a real defect and the fix addresses it. Root cause: The @Getter annotation on the Lesson cl"
Minor,FB.EI_EXPOSE_REP2,org/owasp/webgoat/container/lessons/LessonConnectionInvocationHandler.java,23.0,LessonConnectionInvocationHandler,exact,reproduced,fix_failed,true-positive-unfixed,True,False,1,src/test/java/org/owasp/webgoat/container/lessons/LessonConnectionInvocationHandlerFsmProofTest.java,Fix FB.EI_EXPOSE_REP2 by wrapping Connection in a defensive proxy,"CONFIRMED as a real defect, but UNFIXED. JUnit test `src/test/java/org/owasp/webgoat/container/lessons/LessonConnectionInvocationHandlerFsmProofTest.java` on JDK 25 fails on the unpatched code, which demonstrates the marker holds. No source-only fix could be produced that made it pass, so this marke"
Minor,FB.EI_EXPOSE_REP,org/owasp/webgoat/container/lessons/LessonMenuItem.java,49.0,LessonMenuItem,exact,verified,pr_ready,true-positive,True,True,1,src/test/java/org/owasp/webgoat/container/lessons/LessonMenuItemFsmProofTest.java,Return defensive copy in LessonMenuItem.getChildren() to preserve encapsulation,"CONFIRMED, and fixed. JUnit test `src/test/java/org/owasp/webgoat/container/lessons/LessonMenuItemFsmProofTest.java` on JDK 25 fails on the unpatched code and passes after the recorded change, so the marker describes a real defect and the fix addresses it. Root cause: getChildren() returns a direct "
Minor,FB.EI_EXPOSE_REP2,org/owasp/webgoat/container/lessons/LessonMenuItem.java,58.0,LessonMenuItem,exact,verified,pr_ready,true-positive,True,True,1,src/test/java/org/owasp/webgoat/container/lessons/LessonMenuItemFsmProofTest.java,Fix encapsulation violation in LessonMenuItem.setChildren,"CONFIRMED, and fixed. JUnit test `src/test/java/org/owasp/webgoat/container/lessons/LessonMenuItemFsmProofTest.java` on JDK 25 fails on the unpatched code and passes after the recorded change, so the marker describes a real defect and the fix addresses it. Root cause: The setChildren method assigns "
Minor,FB.EI_EXPOSE_REP2,org/owasp/webgoat/container/report/ReportCardController.java,26.0,ReportCardController,exact,false_positive,false_positive,false-positive,False,False,2,src/test/java/org/owasp/webgoat/container/report/ReportCardControllerFsmProofTest.java,Suppress EI_EXPOSE_REP2 warning in ReportCardController constructor,"The marker flags the direct assignment `this.course = course` in the constructor, claiming an external caller retains a mutable handle. This is a false positive because `Course` is a Spring-injected dependency managed by the framework's singleton bean lifecycle, not an arbitrary object passed by app"
Minor,FB.EI_EXPOSE_REP2,org/owasp/webgoat/container/report/ReportCardController.java,27.0,ReportCardController,exact,false_positive,false_positive,false-positive,False,False,2,src/test/java/org/owasp/webgoat/container/report/ReportCardControllerFsmProofTest.java,FB.EI_EXPOSE_REP2 at ReportCardController.java:27,"The constructor at line 27 directly assigns the injected PluginMessages reference to an instance field, which the checker flags as exposing mutable internals. However, this follows standard Spring Framework dependency injection, where the container itself supplies and manages these beans during inst"
Minor,FB.EI_EXPOSE_REP,org/owasp/webgoat/container/report/ReportCardController.java,57.0,ReportCardController,exact,verified,needs_review,needs-review,True,True,1,src/test/java/org/owasp/webgoat/container/report/ReportCardControllerFsmProofTest.java,Fix mutable state exposure in ReportCard record,"CONFIRMED by execution, but the RESULT IS NOT TRUSTWORTHY AS IT STANDS and a human must look before anything is proposed. JUnit test `src/test/java/org/owasp/webgoat/container/report/ReportCardControllerFsmProofTest.java` on JDK 25 flipped red to green, however: ⚠ THE TEST DOES NOT EXERCISE THE REAL"
Minor,FB.EI_EXPOSE_REP2,org/owasp/webgoat/container/report/ReportCardController.java,57.0,ReportCardController,exact,verified,needs_review,needs-review,True,True,1,src/test/java/org/owasp/webgoat/container/report/ReportCardControllerFsmProofTest.java,Defensive copy lesson statistics in ReportCard record,"CONFIRMED by execution, but the RESULT IS NOT TRUSTWORTHY AS IT STANDS and a human must look before anything is proposed. JUnit test `src/test/java/org/owasp/webgoat/container/report/ReportCardControllerFsmProofTest.java` on JDK 25 flipped red to green, however: ⚠ THE TEST DOES NOT EXERCISE THE REAL"
Minor,FB.EI_EXPOSE_REP,org/owasp/webgoat/container/service/HintService.java,39.0,HintService,exact,verified,pr_ready,true-positive,True,True,1,src/test/java/org/owasp/webgoat/container/service/HintServiceFsmProofTest.java,Return defensive copy of hints in HintService,"CONFIRMED, and fixed. JUnit test `src/test/java/org/owasp/webgoat/container/service/HintServiceFsmProofTest.java` on JDK 25 fails on the unpatched code and passes after the recorded change, so the marker describes a real defect and the fix addresses it. Root cause: getHints() returns the internal al"
Minor,FB.EI_EXPOSE_REP2,org/owasp/webgoat/container/service/LabelDebugService.java,21.0,LabelDebugService,no-method,verified,pr_ready,true-positive,True,True,2,src/test/java/org/owasp/webgoat/container/service/LabelDebugServiceFsmProofTest.java,Isolate LabelDebugService state to prevent external mutation,"CONFIRMED, and fixed. JUnit test `src/test/java/org/owasp/webgoat/container/service/LabelDebugServiceFsmProofTest.java` on JDK 25 fails on the unpatched code and passes after the recorded change, so the marker describes a real defect and the fix addresses it. Root cause: The service directly delegat"
Minor,FB.EI_EXPOSE_REP2,org/owasp/webgoat/container/service/LabelService.java,21.0,LabelService,no-method,false_positive,false_positive,false-positive,False,True,2,src/test/java/org/owasp/webgoat/container/service/LabelServiceFsmProofTest.java,FB.EI_EXPOSE_REP2 at LabelService.java:21,"The checker flags the Lombok-generated constructor for storing mutable references without copying, but this is a false positive in a Spring context. The `messages` and `pluginMessages` fields are injected by the Spring container, not supplied by untrusted callers, and the class never exposes these i"
Minor,FB.EI_EXPOSE_REP2,org/owasp/webgoat/container/service/LessonInfoService.java,17.0,LessonInfoService,no-method,false_positive,false_positive,false-positive,False,False,2,src/test/java/org/owasp/webgoat/container/service/LessonInfoServiceFsmProofTest.java,Suppress EI_EXPOSE_REP2 warning for injected Course bean,"The marker flags the Lombok-generated constructor for `private final Course course;` (line 17) under `FB.EI_EXPOSE_REP2`, claiming it stores an externally supplied mutable object without defensive copying. This is a false positive because `Course` is a Spring-managed service bean injected via constr"
Minor,FB.EI_EXPOSE_REP2,org/owasp/webgoat/container/service/LessonMenuService.java,26.0,LessonMenuService,no-method,verified,pr_ready,true-positive,True,True,1,src/test/java/org/owasp/webgoat/container/service/LessonMenuServiceFsmProofTest.java,Prevent external mutation of internal configuration lists in LessonMenuService,"CONFIRMED, and fixed. JUnit test `src/test/java/org/owasp/webgoat/container/service/LessonMenuServiceFsmProofTest.java` on JDK 25 fails on the unpatched code and passes after the recorded change, so the marker describes a real defect and the fix addresses it. Root cause: The constructor directly ass"
Major,FB.GC_UNRELATED_TYPES,org/owasp/webgoat/container/service/LessonMenuService.java,64.0,LessonMenuService,no-method,false_positive,false_positive,false-positive,False,False,2,src/test/java/org/owasp/webgoat/container/service/LessonMenuServiceFsmProofTest.java,Fix GC_UNRELATED_TYPES warning and potential NPE in lesson sorting,"The checker alleges a generic call mixes unrelated types, but the actual source shows correctly typed stream and collection operations. The lessons.stream().sorted(Comparator.comparing(Lesson::getTitle)) call infers Lesson from the upstream List<Lesson>, and categoryItem.getChildren().sort(Comparato"
Normal,COLLECTION.WRONG_ARG_TYPE,org/owasp/webgoat/container/service/LessonMenuService.java,64.0,LessonMenuService,no-method,verified,pr_ready,true-positive,True,True,2,src/test/java/org/owasp/webgoat/container/service/LessonMenuServiceFsmProofTest.java,Fix lesson exclusion logic in LessonMenuService,"CONFIRMED, and fixed. JUnit test `src/test/java/org/owasp/webgoat/container/service/LessonMenuServiceFsmProofTest.java` on JDK 25 fails on the unpatched code and passes after the recorded change, so the marker describes a real defect and the fix addresses it. Root cause: The code checked excludeLess"
Minor,FB.EI_EXPOSE_REP2,org/owasp/webgoat/container/service/LessonProgressService.java,27.0,LessonProgressService,no-method,false_positive,false_positive,false-positive,False,False,2,src/test/java/org/owasp/webgoat/container/service/LessonProgressServiceFsmProofTest.java,Fix FB.EI_EXPOSE_REP2 in LessonProgressService,"The marker targets the Lombok-generated constructor for the @RequiredArgsConstructor fields userProgressRepository and course. FindBugs flags direct assignment of externally supplied mutable objects, but here the objects are Spring-managed beans injected by the framework, not arbitrary caller-suppli"
Minor,FB.EI_EXPOSE_REP2,org/owasp/webgoat/container/service/RestartLessonService.java,26.0,RestartLessonService,no-method,verified,pr_ready,true-positive,True,True,1,src/test/java/org/owasp/webgoat/container/service/RestartLessonServiceFsmProofTest.java,Fix mutable list exposure in RestartLessonService constructor,"CONFIRMED, and fixed. JUnit test `src/test/java/org/owasp/webgoat/container/service/RestartLessonServiceFsmProofTest.java` on JDK 25 fails on the unpatched code and passes after the recorded change, so the marker describes a real defect and the fix addresses it. Root cause: The constructor directly "
Minor,FB.EI_EXPOSE_REP2,org/owasp/webgoat/container/service/SessionService.java,16.0,SessionService,no-method,false_positive,false_positive,false-positive,False,False,2,src/test/java/org/owasp/webgoat/container/service/SessionServiceFsmProofTest.java,FB.EI_EXPOSE_REP2 at SessionService.java:16,"The marker flags the Lombok-generated constructor created by `@RequiredArgsConstructor`, which assigns the injected `RestartLessonService` and `Messages` beans to `final` fields. `FB.EI_EXPOSE_REP2` warns against storing mutable external references without defensive copying, but here the sole caller"
Minor,FB.EI_EXPOSE_REP2,org/owasp/webgoat/container/session/Course.java,19.0,Course,exact,verified,pr_ready,true-positive,True,True,1,src/test/java/org/owasp/webgoat/container/session/CourseFsmProofTest.java,Defensively copy lessons list in Course constructor and setter,"CONFIRMED, and fixed. JUnit test `src/test/java/org/owasp/webgoat/container/session/CourseFsmProofTest.java` on JDK 25 fails on the unpatched code and passes after the recorded change, so the marker describes a real defect and the fix addresses it. Root cause: The constructor and setter directly ass"
Minor,FB.EI_EXPOSE_REP,org/owasp/webgoat/container/session/Course.java,48.0,Course,exact,verified,pr_ready,true-positive,True,True,1,src/test/java/org/owasp/webgoat/container/session/CourseFsmProofTest.java,Return defensive copy from Course.getLessons(),"CONFIRMED, and fixed. JUnit test `src/test/java/org/owasp/webgoat/container/session/CourseFsmProofTest.java` on JDK 25 fails on the unpatched code and passes after the recorded change, so the marker describes a real defect and the fix addresses it. Root cause: The getLessons() method returned a dire"
Minor,FB.EI_EXPOSE_REP2,org/owasp/webgoat/container/session/Course.java,62.0,Course,exact,verified,pr_ready,true-positive,True,True,1,src/test/java/org/owasp/webgoat/container/session/CourseFsmProofTest.java,Fix mutable list exposure in Course constructor and setter,"CONFIRMED, and fixed. JUnit test `src/test/java/org/owasp/webgoat/container/session/CourseFsmProofTest.java` on JDK 25 fails on the unpatched code and passes after the recorded change, so the marker describes a real defect and the fix addresses it. Root cause: The constructor and setter directly ass"
Minor,FB.EI_EXPOSE_REP2,org/owasp/webgoat/container/users/RegistrationController.java,28.0,RegistrationController,no-method,false_positive,false_positive,false-positive,False,False,2,src/test/java/org/owasp/webgoat/container/users/RegistrationControllerFsmProofTest.java,FB.EI_EXPOSE_REP2 at RegistrationController.java:28,"The marker flags the field `private final UserValidator userValidator;` at line 28, assuming an untrusted caller passes a mutable reference that could later mutate the controller's internals. However, this class is annotated with `@RequiredArgsConstructor`, which generates a constructor exclusively "
Minor,FB.EI_EXPOSE_REP2,org/owasp/webgoat/container/users/Scoreboard.java,25.0,Scoreboard,unresolved,infra_stuck,infra_error,undetermined,False,False,3,src/test/java/org/owasp/webgoat/container/users/ScoreboardFsmProofTest.java,FB.EI_EXPOSE_REP2 at Scoreboard.java:25,"NOT SETTLED. The pipeline could not get this marker to a testable state after 3 attempts, so nothing here is a judgement about the code — the marker is neither confirmed nor refuted and still needs a human. What blocked it: source fetch returned nothing."
Minor,FB.EI_EXPOSE_REP2,org/owasp/webgoat/container/users/UserService.java,22.0,UserService,no-method,false_positive,false_positive,false-positive,False,False,2,src/test/java/org/owasp/webgoat/container/users/UserServiceFsmProofTest.java,Fix FB.EI_EXPOSE_REP2 by defensively copying lessonInitializables list,"The marker flags the Lombok-generated constructor for storing injected dependencies like `UserRepository` directly into `private final` fields. This is a standard false positive for Spring-managed beans: the sole caller is the trusted Spring IoC container, and the fields are strictly encapsulated wi"
Minor,PROC_USE.VULNERABLE,org/owasp/webgoat/container/users/UserValidator.java,35.0,UserValidator,no-method,false_positive,false_positive,false-positive,False,False,2,src/test/java/org/owasp/webgoat/container/users/UserValidatorFsmProofTest.java,PROC_USE.VULNERABLE at UserValidator.java:35,"The marker claims external process execution, but UserValidator contains zero calls to Runtime.exec(), ProcessBuilder, or any OS-level command invocation. The class strictly implements Spring's Validator interface, performing only a JPA repository lookup via userRepository.findByUsername() and a pla"
Minor,FB.EI_EXPOSE_REP,org/owasp/webgoat/container/users/WebGoatUser.java,32.0,WebGoatUser,exact,false_positive,false_positive,false-positive,False,False,2,src/test/java/org/owasp/webgoat/container/users/WebGoatUserFsmProofTest.java,Fix FB.EI_EXPOSE_REP warning in WebGoatUser,"The marker claims a getter exposes mutable internal state, but line 32 is a constructor (`public WebGoatUser(String username, String password)`), not a getter. The class only stores `String` values and a `User` object, both of which are effectively immutable in this context, and no method returns a "
Minor,UNUSED_VALUE,org/owasp/webgoat/lessons/authbypass/AccountVerificationHelper.java,36.0,AccountVerificationHelper,exact,unprovable,unprovable,unprovable,False,False,1,src/test/java/org/owasp/webgoat/lessons/authbypass/AccountVerificationHelperFsmProofTest.java,Fix authentication bypass in AccountVerificationHelper,"The static analyzer correctly identifies that the assignment `likely = true;` at line 36 is a dead store. The subsequent `if-else` block unconditionally reassigns `likely` based on exact answer matches, completely overwriting the earlier size-check result before the method returns. Because this redu"
Minor,FB.EI_EXPOSE_REP2,org/owasp/webgoat/lessons/authbypass/VerifyAccount.java,38.0,VerifyAccount,exact,false_positive,false_positive,false-positive,False,False,2,src/test/java/org/owasp/webgoat/lessons/authbypass/VerifyAccountFsmProofTest.java,FB.EI_EXPOSE_REP2 at VerifyAccount.java:38,"The assignment this.userSessionData = userSessionData; at line 38 is flagged because the analyzer expects a defensive copy, but the parameter is exclusively injected by the Spring IoC container. The field is final, private, and has no public accessor, so no external caller can obtain a reference to "
Minor,PROC_USE.VULNERABLE,org/owasp/webgoat/lessons/challenges/challenge1/Assignment1.java,36.0,Assignment1,exact,false_positive,false_positive,false-positive,False,False,2,src/test/java/org/owasp/webgoat/lessons/challenges/challenge1/Assignment1FsmProofTest.java,PROC_USE.VULNERABLE at Assignment1.java:36,"The method completed exclusively performs string comparisons against hardcoded values and returns an AttackResult object. There are no invocations of Runtime.exec, ProcessBuilder, or any other process-launching APIs within the provided scope. The checker's claim that a process is launched from exter"
Normal,UNREACHABLE_CODE,org/owasp/webgoat/lessons/challenges/challenge1/Assignment1.java,40.0,Assignment1,exact,unprovable,unprovable,unprovable,False,False,1,src/test/java/org/owasp/webgoat/lessons/challenges/challenge1/Assignment1FsmProofTest.java,Remove unreachable else-if branch in Assignment1,"The checker correctly identifies that the `else if (passwordCorrect)` branch is statically unreachable because `ipAddressKnown` is hardcoded to `true`, causing the initial `if (passwordCorrect && ipAddressKnown)` guard to capture every valid password case. This results in dead code that stems from a"
Major,FB.DMI_RANDOM_USED_ONLY_ONCE,org/owasp/webgoat/lessons/challenges/challenge1/ImageServlet.java,21.0,ImageServlet,no-method,false_positive,false_positive,false-positive,False,False,2,src/test/java/org/owasp/webgoat/lessons/challenges/challenge1/ImageServletFsmProofTest.java,Fix DMI_RANDOM_USED_ONLY_ONCE in ImageServlet,"The marker flags the expression `new Random().nextInt(10000)` used to initialize the `PINCODE` field. Because `PINCODE` is declared `static final`, this constructor call executes exactly once per classloader during class initialization, rather than repeatedly inside a method or loop. The checker's c"
Minor,FB.PREDICTABLE_RANDOM,org/owasp/webgoat/lessons/challenges/challenge1/ImageServlet.java,21.0,ImageServlet,no-method,by_design,by_design,by-design,False,False,2,src/test/java/org/owasp/webgoat/lessons/challenges/challenge1/ImageServletFsmProofTest.java,Fix predictable random number generation in ImageServlet,"The marker correctly identifies that java.util.Random is predictable, but this is a deliberate design choice for WebGoat, an intentionally vulnerable training application. The PINCODE field at line 21 generates a value for Challenge 1, a CTF-style exercise where students must locate or brute-force t"
Minor,FB.EI_EXPOSE_REP2,org/owasp/webgoat/lessons/challenges/challenge5/Assignment5.java,26.0,Assignment5,no-method,false_positive,false_positive,false-positive,False,False,2,src/test/java/org/owasp/webgoat/lessons/challenges/challenge5/Assignment5FsmProofTest.java,FB.EI_EXPOSE_REP2 at Assignment5.java:26,"The marker flags the Lombok-generated constructor for storing LessonDataSource and Flags directly, claiming an encapsulation violation. This is a false positive because these fields are Spring-managed beans injected via dependency injection, not arbitrary externally supplied objects. Spring acts as "
Critical,TAINTED_PTR,org/owasp/webgoat/lessons/challenges/challenge5/Assignment5.java,44.0,Assignment5,exact,verified,pr_rejected,true-positive,True,True,2,src/test/java/org/owasp/webgoat/lessons/challenges/challenge5/Assignment5FsmProofTest.java,PR rejected,"CONFIRMED by execution — JUnit test `src/test/java/org/owasp/webgoat/lessons/challenges/challenge5/Assignment5FsmProofTest.java` on JDK 25 goes red before the change and green after — but NOT proposed upstream. WebGoat is an intentionally vulnerable training application, and this challenge is specif"
Major,HANDLE_LEAK,org/owasp/webgoat/lessons/challenges/challenge5/Assignment5.java,44.0,Assignment5,exact,unprovable,unprovable,unprovable,False,False,3,src/test/java/org/owasp/webgoat/lessons/challenges/challenge5/Assignment5FsmProofTest.java,Fix resource leak for PreparedStatement and ResultSet in Assignment5,"The static analyzer flags the PreparedStatement and ResultSet as unclosed, but the enclosing try-with-resources block on connection guarantees cleanup. According to the JDBC specification, closing a Connection automatically closes all associated Statement and ResultSet objects. Therefore, no resourc"
Minor,FB.OBL_UNSATISFIED_OBLIGATION,org/owasp/webgoat/lessons/challenges/challenge5/Assignment5.java,44.0,Assignment5,exact,unprovable,unprovable,unprovable,False,False,3,src/test/java/org/owasp/webgoat/lessons/challenges/challenge5/Assignment5FsmProofTest.java,Fix resource leak by closing PreparedStatement and ResultSet,"The marker flags an unclosed stream obligation, but the try-with-resources statement on connection at line 44 guarantees that the database connection is closed on every exit path, including exceptions. Standard JDBC drivers implicitly close any PreparedStatement and ResultSet instances associated wi"
Minor,FB.ODR_OPEN_DATABASE_RESOURCE,org/owasp/webgoat/lessons/challenges/challenge5/Assignment5.java,44.0,Assignment5,exact,unprovable,unprovable,unprovable,False,False,3,src/test/java/org/owasp/webgoat/lessons/challenges/challenge5/Assignment5FsmProofTest.java,Fix JDBC resource leak in Assignment5,"The marker flags the PreparedStatement and ResultSet as leaked, but both are instantiated within a try-with-resources block that explicitly manages the parent Connection. According to the JDBC specification, closing a Connection automatically closes all statements and result sets derived from it. Be"
Minor,FB.OBL_UNSATISFIED_OBLIGATION,org/owasp/webgoat/lessons/challenges/challenge5/Assignment5.java,50.0,Assignment5,exact,unprovable,unprovable,unprovable,False,False,3,src/test/java/org/owasp/webgoat/lessons/challenges/challenge5/Assignment5FsmProofTest.java,Fix resource leak by closing PreparedStatement and ResultSet,"The marker claims that a resource obligation is unfulfilled, but the try-with-resources construct on connection ensures connection.close() is called on all control-flow paths, including the early return statements inside the block. According to the JDBC specification, closing a Connection automatica"
Minor,FB.EI_EXPOSE_REP2,org/owasp/webgoat/lessons/challenges/challenge7/Assignment7.java,60.0,Assignment7,exact,false_positive,false_positive,false-positive,False,False,2,src/test/java/org/owasp/webgoat/lessons/challenges/challenge7/Assignment7FsmProofTest.java,Fix EI_EXPOSE_REP2 warning in Assignment7 constructor,"The marker FB.EI_EXPOSE_REP2 specifically targets constructors or setters that store references to externally supplied mutable objects without defensive copying. Line 60, however, declares a Spring MVC @GetMapping controller method resetPassword, which is neither a constructor nor a setter. Addition"
Normal,NO_CATCH.LIBRARY,org/owasp/webgoat/lessons/challenges/challenge7/MD5.java,53.0,MD5,exact,false_positive,false_positive,false-positive,False,False,2,src/test/java/org/owasp/webgoat/lessons/challenges/challenge7/MD5FsmProofTest.java,NO_CATCH.LIBRARY at MD5.java:53,"The marker claims MD5.getHashString throws an unhandled exception, but the invocation is enclosed in a try block with a catch (IOException x) clause that explicitly handles the exception by printing its message to stderr. Since IOException is the only checked exception declared by getHashString, and"
Minor,FB.PATH_TRAVERSAL_IN,org/owasp/webgoat/lessons/challenges/challenge7/MD5.java,53.0,MD5,exact,verified,needs_review,needs-review,True,True,1,src/test/java/org/owasp/webgoat/lessons/challenges/challenge7/MD5FsmProofTest.java,Fix path traversal vulnerability in MD5.getHashString(File),"CONFIRMED by execution, but the RESULT IS NOT TRUSTWORTHY AS IT STANDS and a human must look before anything is proposed. JUnit test `src/test/java/org/owasp/webgoat/lessons/challenges/challenge7/MD5FsmProofTest.java` on JDK 25 flipped red to green, however: ⚠ FIX SKEPTIC (over-fit): The fix uses a "
Major,FB.ICAST_INTEGER_MULTIPLY_CAST_TO_LONG,org/owasp/webgoat/lessons/challenges/challenge7/MD5.java,297.0,MD5,exact,verified,pr_ready,true-positive,True,True,1,src/test/java/org/owasp/webgoat/lessons/challenges/challenge7/MD5FsmProofTest.java,Fix integer overflow in MD5 bit count calculation for large inputs,"CONFIRMED, and fixed. JUnit test `src/test/java/org/owasp/webgoat/lessons/challenges/challenge7/MD5FsmProofTest.java` on JDK 25 fails on the unpatched code and passes after the recorded change, so the marker describes a real defect and the fix addresses it. Root cause: The expression 'length << 3' i"
Minor,FB.DM_DEFAULT_ENCODING,org/owasp/webgoat/lessons/challenges/challenge7/MD5.java,376.0,MD5,exact,by_design,by_design,by-design,False,True,2,src/test/java/org/owasp/webgoat/lessons/challenges/challenge7/MD5FsmProofTest.java,Fix MD5 hash to use UTF-8 encoding instead of platform default,"The static analyzer correctly identifies that `s.getBytes()` relies on `Charset.defaultCharset()`, making the MD5 output environment-dependent. However, this is a deliberate implementation choice within WebGoat, a security training application. The Javadoc explicitly documents this behavior (""conver"
Minor,FB.PREDICTABLE_RANDOM,org/owasp/webgoat/lessons/challenges/challenge7/PasswordResetLink.java,18.0,PasswordResetLink,exact,verified,needs_review,needs-review,True,True,1,src/test/java/org/owasp/webgoat/lessons/challenges/challenge7/PasswordResetLinkFsmProofTest.java,Fix predictable random seed for admin password reset links,"CONFIRMED by execution, but the RESULT IS NOT TRUSTWORTHY AS IT STANDS and a human must look before anything is proposed. JUnit test `src/test/java/org/owasp/webgoat/lessons/challenges/challenge7/PasswordResetLinkFsmProofTest.java` on JDK 25 flipped red to green, however: ⚠ FIX SKEPTIC (over-fit): T"
Major,FB.DMI_RANDOM_USED_ONLY_ONCE,org/owasp/webgoat/lessons/challenges/challenge7/PasswordResetLink.java,21.0,PasswordResetLink,exact,verified,pr_rejected,true-positive,True,True,1,src/test/java/org/owasp/webgoat/lessons/challenges/challenge7/PasswordResetLinkFsmProofTest.java,PR rejected,CONFIRMED by execution — JUnit test `src/test/java/org/owasp/webgoat/lessons/challenges/challenge7/PasswordResetLinkFsmProofTest.java` on JDK 25 goes red before the change and green after — but NOT proposed upstream. WebGoat challenges intentionally use predictable randomness for reproducible gradin
Minor,FB.EI_EXPOSE_REP2,org/owasp/webgoat/lessons/chromedevtools/NetworkDummy.java,30.0,NetworkDummy,exact,false_positive,false_positive,false-positive,False,False,2,src/test/java/org/owasp/webgoat/lessons/chromedevtools/NetworkDummyFsmProofTest.java,Suppress EI_EXPOSE_REP2 warning for LessonSession constructor,"The marker incorrectly targets line 30 inside completed(), which only reads lessonSession.getValue(""randValue"") and performs no assignment or state exposure. The underlying FB.EI_EXPOSE_REP2 warning likely stems from a constructor assignment like this.lessonSession = lessonSession, but LessonSession"
Minor,FB.EI_EXPOSE_REP,org/owasp/webgoat/lessons/cia/CIAQuiz.java,58.0,CIAQuiz,exact,verified,pr_ready,true-positive,True,True,1,src/test/java/org/owasp/webgoat/lessons/cia/CIAQuizFsmProofTest.java,Fix encapsulation violation in CIAQuiz.getResults(),"CONFIRMED, and fixed. JUnit test `src/test/java/org/owasp/webgoat/lessons/cia/CIAQuizFsmProofTest.java` on JDK 25 fails on the unpatched code and passes after the recorded change, so the marker describes a real defect and the fix addresses it. Root cause: The getResults() method returns a direct ref"
Minor,FB.PATH_TRAVERSAL_IN,org/owasp/webgoat/lessons/clientsidefiltering/Salaries.java,42.0,Salaries,exact,false_positive,false_positive,false-positive,False,False,2,src/test/java/org/owasp/webgoat/lessons/clientsidefiltering/SalariesFsmProofTest.java,Fix path traversal warning in Salaries.java,"The static analyzer incorrectly flags webGoatHomeDirectory as attacker-controlled input, but it is actually a trusted Spring configuration property injected via @Value(""${webgoat.user.directory}"") at application startup. Path traversal vulnerabilities require untrusted runtime data to flow into path"
Major,FB.RV_RETURN_VALUE_IGNORED_BAD_PRACTICE,org/owasp/webgoat/lessons/clientsidefiltering/Salaries.java,44.0,Salaries,exact,unprovable,unprovable,unprovable,False,False,2,src/test/java/org/owasp/webgoat/lessons/clientsidefiltering/SalariesFsmProofTest.java,Fix ignored return value of mkdir() in Salaries.java,"The checker correctly flags that targetDirectory.mkdir() returns a boolean indicating success, which is ignored here. However, this is a stylistic code smell rather than a functional defect. If mkdir() fails, the subsequent new FileOutputStream(new File(targetDirectory, ""employees.xml"")) will throw "
Minor,FB.PATH_TRAVERSAL_IN,org/owasp/webgoat/lessons/clientsidefiltering/Salaries.java,59.0,Salaries,exact,false_positive,false_positive,false-positive,False,False,2,src/test/java/org/owasp/webgoat/lessons/clientsidefiltering/SalariesFsmProofTest.java,Normalize file path in Salaries.java to fix path traversal warning,"The marker flags `new File(webGoatHomeDirectory, ""ClientSideFiltering/employees.xml"")` as a potential path traversal sink. However, `webGoatHomeDirectory` is populated exclusively via the Spring `@Value(""${webgoat.user.directory}"")` annotation, which reads from application configuration properties r"
Minor,FB.UC_USELESS_OBJECT,org/owasp/webgoat/lessons/clientsidefiltering/Salaries.java,64.0,Salaries,exact,unprovable,unprovable,unprovable,False,False,1,src/test/java/org/owasp/webgoat/lessons/clientsidefiltering/SalariesFsmProofTest.java,Fix useless object creation in Salaries.invoke(),"The marker correctly identifies that the HashMap allocated at line 64 is immediately overwritten by a new instance inside the loop when i=0, making the initial allocation dead code. Because this is a redundant initialization rather than a functional defect, it does not alter the method's output or r"
Major,FB.DMI_RANDOM_USED_ONLY_ONCE,org/owasp/webgoat/lessons/cryptography/CryptoUtil.java,42.0,CryptoUtil,exact,false_positive,false_positive,false-positive,False,False,2,src/test/java/org/owasp/webgoat/lessons/cryptography/CryptoUtilFsmProofTest.java,Fix DMI_RANDOM_USED_ONLY_ONCE by reusing SecureRandom instance,"The checker flags java.util.Random instantiated and used once, but the code explicitly instantiates java.security.SecureRandom on line 42. SecureRandom draws from OS-level entropy sources and is cryptographically secure, meaning its output is not deterministic or predictable from a seed like java.ut"
Minor,FB.DM_DEFAULT_ENCODING,org/owasp/webgoat/lessons/cryptography/EncodingAssignment.java,26.0,EncodingAssignment,exact,unprovable,unprovable,unprovable,False,True,2,src/test/java/org/owasp/webgoat/lessons/cryptography/EncodingAssignmentFsmProofTest.java,Fix platform-dependent charset in EncodingAssignment,"The checker correctly identifies that `getBytes()` defaults to the platform charset, but the reproducer passed because the test environment uses UTF-8, masking the environmental variance. Since the defect only manifests on non-UTF-8 JVMs and cannot be reliably triggered in a standard test harness wi"
Major,FB.DMI_RANDOM_USED_ONLY_ONCE,org/owasp/webgoat/lessons/cryptography/EncodingAssignment.java,37.0,EncodingAssignment,exact,unprovable,unprovable,unprovable,False,False,2,src/test/java/org/owasp/webgoat/lessons/cryptography/EncodingAssignmentFsmProofTest.java,Fix DMI_RANDOM_USED_ONLY_ONCE in EncodingAssignment,"The checker correctly identifies that `new Random()` is instantiated and consumed immediately on line 37, which can yield predictable sequences if called rapidly due to time-based seeding. However, this is a structural code smell rather than a functional defect that can be deterministically reproduc"
Minor,FB.PREDICTABLE_RANDOM,org/owasp/webgoat/lessons/cryptography/EncodingAssignment.java,37.0,EncodingAssignment,exact,by_design,by_design,by-design,False,False,3,src/test/java/org/owasp/webgoat/lessons/cryptography/EncodingAssignmentFsmProofTest.java,Fix predictable random number generation in EncodingAssignment,"The marker correctly identifies that `java.util.Random` is instantiated inline to index into `HashingAssignment.SECRETS`, which lacks cryptographic strength. However, this code resides in `WebGoat`, a deliberately vulnerable training application, specifically within the `cryptography` lesson package"
Minor,PROC_USE.VULNERABLE,org/owasp/webgoat/lessons/cryptography/EncodingAssignment.java,54.0,EncodingAssignment,exact,false_positive,false_positive,false-positive,False,False,2,src/test/java/org/owasp/webgoat/lessons/cryptography/EncodingAssignmentFsmProofTest.java,PROC_USE.VULNERABLE at EncodingAssignment.java:54,"The marker claims a process is launched from externally-controlled data, but the completed() method contains zero process execution APIs such as Runtime.exec() or ProcessBuilder. The code strictly applies null guards to basicAuth, answer_user, and answer_pwd, then performs a pure string equality che"
Minor,FB.MS_PKGPROTECT,org/owasp/webgoat/lessons/cryptography/HashingAssignment.java,28.0,HashingAssignment,no-method,unprovable,unprovable,unprovable,False,False,1,src/test/java/org/owasp/webgoat/lessons/cryptography/HashingAssignmentFsmProofTest.java,Fix visibility of mutable static SECRETS array,"The marker flags public static final String[] SECRETS at line 28 as overly visible, but this is an encapsulation preference rather than a runtime defect. The array reference is final, and its contents are only read internally within HashingAssignment via SECRETS.length and index access in getMd5 and"
Major,FB.DMI_RANDOM_USED_ONLY_ONCE,org/owasp/webgoat/lessons/cryptography/HashingAssignment.java,37.0,HashingAssignment,exact,unprovable,unprovable,unprovable,False,False,2,src/test/java/org/owasp/webgoat/lessons/cryptography/HashingAssignmentFsmProofTest.java,Fix FB.DMI_RANDOM_USED_ONLY_ONCE by using ThreadLocalRandom,"The marker correctly flags that new Random() is instantiated and consumed immediately on line 37, which theoretically risks predictable outputs under rapid concurrent calls. However, the surrounding if (md5Hash == null) guard caches the result per user session via request.getSession().setAttribute()"
Minor,FB.PREDICTABLE_RANDOM,org/owasp/webgoat/lessons/cryptography/HashingAssignment.java,37.0,HashingAssignment,exact,by_design,by_design,by-design,False,False,2,src/test/java/org/owasp/webgoat/lessons/cryptography/HashingAssignmentFsmProofTest.java,Fix predictable random number generation in HashingAssignment,"The marker correctly flags that `new Random().nextInt(SECRETS.length)` uses a non-cryptographic RNG, which is indeed predictable. However, WebGoat is an intentionally vulnerable training platform, and this `HashingAssignment` lesson is designed to teach students how to attack weak hashing implementa"
Minor,FB.DM_DEFAULT_ENCODING,org/owasp/webgoat/lessons/cryptography/HashingAssignment.java,40.0,HashingAssignment,exact,reproduced,fix_failed,true-positive-unfixed,True,False,1,src/test/java/org/owasp/webgoat/lessons/cryptography/HashingAssignmentFsmProofTest.java,Fix charset dependency in HashingAssignment.getHash,"CONFIRMED as a real defect, but UNFIXED. JUnit test `src/test/java/org/owasp/webgoat/lessons/cryptography/HashingAssignmentFsmProofTest.java` on JDK 25 fails on the unpatched code, which demonstrates the marker holds. No source-only fix could be produced that made it pass, so this marker needs a hum"
Major,FB.DMI_RANDOM_USED_ONLY_ONCE,org/owasp/webgoat/lessons/cryptography/HashingAssignment.java,55.0,HashingAssignment,exact,unprovable,unprovable,unprovable,False,False,2,src/test/java/org/owasp/webgoat/lessons/cryptography/HashingAssignmentFsmProofTest.java,Fix predictable random secret generation in HashingAssignment,"The checker correctly flags that new Random() is instantiated and consumed immediately on line 55, which can yield predictable seeds under rapid invocation. However, this is a static code smell rather than a functional defect; the method still correctly selects a secret, computes its SHA-256 hash, a"
Minor,FB.PREDICTABLE_RANDOM,org/owasp/webgoat/lessons/cryptography/HashingAssignment.java,55.0,HashingAssignment,exact,by_design,by_design,by-design,False,False,2,src/test/java/org/owasp/webgoat/lessons/cryptography/HashingAssignmentFsmProofTest.java,Replace java.util.Random with SecureRandom in HashingAssignment,"The marker correctly identifies that java.util.Random is used to index into the SECRETS array, but this is an intentional design choice for an educational exercise. WebGoat is a deliberately vulnerable training application, and this specific lesson aims to teach students how to crack weak hashes by "
Minor,FB.DM_DEFAULT_ENCODING,org/owasp/webgoat/lessons/cryptography/HashingAssignment.java,85.0,HashingAssignment,exact,by_design,by_design,by-design,False,True,2,src/test/java/org/owasp/webgoat/lessons/cryptography/HashingAssignmentFsmProofTest.java,Fix charset encoding in HashingAssignment.getHash,"The checker correctly identifies that secret.getBytes() at line 85 omits an explicit charset, causing the JVM to fall back to the platform default encoding. This would indeed produce divergent hash outputs for non-ASCII input across different runtime environments. However, this code resides in WebGo"
Major,DEREF_OF_NULL.RET.STAT,org/owasp/webgoat/lessons/cryptography/SigningAssignment.java,60.0,SigningAssignment,exact,verified,pr_ready,true-positive,True,True,1,src/test/java/org/owasp/webgoat/lessons/cryptography/SigningAssignmentFsmProofTest.java,Fix NPE in SigningAssignment when keyPair session attribute is missing,"CONFIRMED, and fixed. JUnit test `src/test/java/org/owasp/webgoat/lessons/cryptography/SigningAssignmentFsmProofTest.java` on JDK 25 fails on the unpatched code and passes after the recorded change, so the marker describes a real defect and the fix addresses it. Root cause: The code dereferences key"
Minor,FB.EI_EXPOSE_REP2,org/owasp/webgoat/lessons/csrf/CSRFConfirmFlag1.java,26.0,CSRFConfirmFlag1,exact,false_positive,false_positive,false-positive,False,False,2,src/test/java/org/owasp/webgoat/lessons/csrf/CSRFConfirmFlag1FsmProofTest.java,Suppress FB.EI_EXPOSE_REP2 warning for injected LessonSession,"The FB.EI_EXPOSE_REP2 warning at line 26 incorrectly treats the constructor assignment this.userSessionData = userSessionData as an encapsulation risk from an arbitrary caller. In this Spring-based lesson, LessonSession is a framework-managed, session-scoped context object injected by the container,"
Minor,FB.EI_EXPOSE_REP2,org/owasp/webgoat/lessons/csrf/CSRFFeedback.java,37.0,CSRFFeedback,exact,false_positive,false_positive,false-positive,False,False,2,src/test/java/org/owasp/webgoat/lessons/csrf/CSRFFeedbackFsmProofTest.java,Fix mutable ObjectMapper exposure and thread-safety issue,"The marker warns that storing userSessionData and objectMapper directly allows an external caller to mutate them, but this constructor is exclusively invoked by the Spring dependency-injection container, which acts as a trusted upstream caller. The class encapsulates these fields with no public gett"
Minor,FB.EI_EXPOSE_REP2,org/owasp/webgoat/lessons/csrf/CSRFFeedback.java,38.0,CSRFFeedback,exact,false_positive,false_positive,false-positive,False,False,2,src/test/java/org/owasp/webgoat/lessons/csrf/CSRFFeedbackFsmProofTest.java,Fix EI_EXPOSE_REP2 by copying ObjectMapper in constructor,"The marker flags direct storage of the mutable ObjectMapper instance, but this is a false positive given the architectural context. The ObjectMapper is a Spring-managed singleton injected via constructor, and defensive copying would violate the DI contract while incurring unacceptable performance ov"
Minor,FB.DM_DEFAULT_ENCODING,org/owasp/webgoat/lessons/csrf/CSRFFeedback.java,53.0,CSRFFeedback,exact,reproduced,fix_failed,true-positive-unfixed,True,False,2,src/test/java/org/owasp/webgoat/lessons/csrf/CSRFFeedbackFsmProofTest.java,Fix platform default charset dependency in CSRFFeedback,"CONFIRMED as a real defect, but UNFIXED. JUnit test `src/test/java/org/owasp/webgoat/lessons/csrf/CSRFFeedbackFsmProofTest.java` on JDK 25 fails on the unpatched code, which demonstrates the marker holds. No source-only fix could be produced that made it pass, so this marker needs a human to write t"
Minor,FB.PREDICTABLE_RANDOM,org/owasp/webgoat/lessons/csrf/CSRFGetFlag.java,39.0,CSRFGetFlag,exact,reproduced,fix_failed,true-positive-unfixed,True,False,2,src/test/java/org/owasp/webgoat/lessons/csrf/CSRFGetFlagFsmProofTest.java,Fix predictable random number generation in CSRFGetFlag,"CONFIRMED as a real defect, but UNFIXED. JUnit test `src/test/java/org/owasp/webgoat/lessons/csrf/CSRFGetFlagFsmProofTest.java` on JDK 25 fails on the unpatched code, which demonstrates the marker holds. No source-only fix could be produced that made it pass, so this marker needs a human to write th"
Major,FB.DMI_RANDOM_USED_ONLY_ONCE,org/owasp/webgoat/lessons/csrf/CSRFGetFlag.java,40.0,CSRFGetFlag,exact,unprovable,unprovable,unprovable,False,False,2,src/test/java/org/owasp/webgoat/lessons/csrf/CSRFGetFlagFsmProofTest.java,Fix predictable random flag generation in CSRFGetFlag,"The marker correctly identifies that `new Random()` is instantiated and immediately consumed via `nextInt(65536)` in each branch of `invoke()`. However, this is a code-quality heuristic rather than a functional or security defect. Because the method handles discrete HTTP requests rather than a tight"
Minor,FB.PREDICTABLE_RANDOM,org/owasp/webgoat/lessons/csrf/CSRFGetFlag.java,45.0,CSRFGetFlag,exact,by_design,by_design,by-design,False,False,2,src/test/java/org/owasp/webgoat/lessons/csrf/CSRFGetFlagFsmProofTest.java,Fix predictable random number generation in CSRFGetFlag,"This marker flags java.util.Random at line 45, but WebGoat is a deliberately vulnerable training platform where cryptographic strength is intentionally omitted for pedagogical clarity. The invoke method generates a simple numeric flag solely to verify that a CSRF attack successfully bypassed the ref"
Minor,FB.PREDICTABLE_RANDOM,org/owasp/webgoat/lessons/csrf/CSRFGetFlag.java,56.0,CSRFGetFlag,exact,false_positive,false_positive,false-positive,False,False,2,src/test/java/org/owasp/webgoat/lessons/csrf/CSRFGetFlagFsmProofTest.java,Fix predictable random number generation in CSRFGetFlag,"The checker claims a cryptographically secure RNG is required, but the code at line 56 merely generates a simple lesson flag to confirm a CSRF attack succeeded. The value is stored in userSessionData and immediately echoed back to the client in the same HTTP response, meaning it never protects sensi"
Normal,SIMILAR_BRANCHES.CATCH,org/owasp/webgoat/lessons/deserialization/InsecureDeserializationTask.java,53.0,InsecureDeserializationTask,exact,by_design,by_design,by-design,False,False,2,src/test/java/org/owasp/webgoat/lessons/deserialization/InsecureDeserializationTaskFsmProofTest.java,Fix incorrect feedback message in generic exception handler,"The marker correctly identifies that the catch blocks for InvalidClassException and the general Exception both return failed(this).feedback(""insecure-deserialization.invalidversion"").build(). In WebGoat's pedagogical context, this duplication is intentional: it consolidates multiple low-level Java s"
Minor,FB.EI_EXPOSE_REP2,org/owasp/webgoat/lessons/hijacksession/HijackSessionAssignment.java,44.0,HijackSessionAssignment,exact,false_positive,false_positive,false-positive,False,False,2,src/test/java/org/owasp/webgoat/lessons/hijacksession/HijackSessionAssignmentFsmProofTest.java,FB.EI_EXPOSE_REP2 at HijackSessionAssignment.java:44,"The marker claims that a constructor or setter stores an externally supplied mutable object without defensive copying, but this is standard Spring constructor injection for a managed service bean (`HijackSessionAuthenticationProvider`). Spring's dependency injection framework guarantees the lifecycl"
Major,TAINTED_PTR.COOKIE,org/owasp/webgoat/lessons/hijacksession/HijackSessionAssignment.java,56.0,HijackSessionAssignment,exact,verified,pr_rejected,true-positive,True,True,1,src/test/java/org/owasp/webgoat/lessons/hijacksession/HijackSessionAssignmentFsmProofTest.java,PR rejected,"CONFIRMED by execution — JUnit test `src/test/java/org/owasp/webgoat/lessons/hijacksession/HijackSessionAssignmentFsmProofTest.java` on JDK 25 goes red before the change and green after — but NOT proposed upstream. WebGoat is an intentionally vulnerable training application, and this lesson specific"
Major,FB.DMI_RANDOM_USED_ONLY_ONCE,org/owasp/webgoat/lessons/hijacksession/cas/HijackSessionAuthenticationProvider.java,29.0,HijackSessionAuthenticationProvider,no-method,verified,needs_review,needs-review,True,True,1,src/test/java/org/owasp/webgoat/lessons/hijacksession/cas/HijackSessionAuthenticationProviderFsmProofTest.java,Fix predictable sequential session IDs in HijackSessionAuthenticationProvider,"CONFIRMED by execution, but the RESULT IS NOT TRUSTWORTHY AS IT STANDS and a human must look before anything is proposed. JUnit test `src/test/java/org/owasp/webgoat/lessons/hijacksession/cas/HijackSessionAuthenticationProviderFsmProofTest.java` on JDK 25 flipped red to green, however: ⚠ THE TEST DO"
Minor,FB.PREDICTABLE_RANDOM,org/owasp/webgoat/lessons/hijacksession/cas/HijackSessionAuthenticationProvider.java,29.0,HijackSessionAuthenticationProvider,no-method,verified,needs_review,needs-review,True,True,1,src/test/java/org/owasp/webgoat/lessons/hijacksession/cas/HijackSessionAuthenticationProviderFsmProofTest.java,Fix predictable session ID generation by using SecureRandom,"CONFIRMED by execution, but the RESULT IS NOT TRUSTWORTHY AS IT STANDS and a human must look before anything is proposed. JUnit test `src/test/java/org/owasp/webgoat/lessons/hijacksession/cas/HijackSessionAuthenticationProviderFsmProofTest.java` on JDK 25 flipped red to green, however: ⚠ THE TEST DO"
Minor,FB.PREDICTABLE_RANDOM,org/owasp/webgoat/lessons/hijacksession/cas/HijackSessionAuthenticationProvider.java,60.0,HijackSessionAuthenticationProvider,exact,verified,needs_review,needs-review,True,True,2,src/test/java/org/owasp/webgoat/lessons/hijacksession/cas/HijackSessionAuthenticationProviderFsmProofTest.java,Fix predictable sequential session ID generation,"CONFIRMED by execution, but the RESULT IS NOT TRUSTWORTHY AS IT STANDS and a human must look before anything is proposed. JUnit test `src/test/java/org/owasp/webgoat/lessons/hijacksession/cas/HijackSessionAuthenticationProviderFsmProofTest.java` on JDK 25 flipped red to green, however: ⚠ FIX SKEPTIC"
Minor,FB.EI_EXPOSE_REP2,org/owasp/webgoat/lessons/idor/IDOREditOtherProfile.java,37.0,IDOREditOtherProfile,exact,false_positive,false_positive,false-positive,False,False,2,src/test/java/org/owasp/webgoat/lessons/idor/IDOREditOtherProfileFsmProofTest.java,Acknowledge false positive FB.EI_EXPOSE_REP2 for LessonSession,"The FB.EI_EXPOSE_REP2 warning incorrectly treats LessonSession as untrusted external input crossing a security boundary. In WebGoat’s architecture, LessonSession is a trusted, framework-managed Spring dependency injected directly into lesson constructors to maintain shared mutable state. Assigning t"
Normal,DEREF_OF_NULL.RET,org/owasp/webgoat/lessons/idor/IDOREditOtherProfile.java,96.0,IDOREditOtherProfile,exact,reproduced,fix_failed,true-positive-unfixed,True,False,2,src/test/java/org/owasp/webgoat/lessons/idor/IDOREditOtherProfileFsmProofTest.java,Fix NPE when idor-updated-own-profile session value is null,"CONFIRMED as a real defect, but UNFIXED. JUnit test `src/test/java/org/owasp/webgoat/lessons/idor/IDOREditOtherProfileFsmProofTest.java` on JDK 25 fails on the unpatched code, which demonstrates the marker holds. No source-only fix could be produced that made it pass, so this marker needs a human to"
Minor,FB.EI_EXPOSE_REP2,org/owasp/webgoat/lessons/idor/IDORLogin.java,27.0,IDORLogin,exact,false_positive,false_positive,false-positive,False,False,2,src/test/java/org/owasp/webgoat/lessons/idor/IDORLoginFsmProofTest.java,Fix IDOR login validation to support all users,"The FB.EI_EXPOSE_REP2 warning incorrectly flags standard Spring constructor injection as an encapsulation violation. The IDORLogin constructor at line 27 directly assigns the injected LessonSession reference because it is a framework-managed service object, not a user-supplied mutable data structure"
Minor,FB.HARD_CODE_PASSWORD,org/owasp/webgoat/lessons/idor/IDORLogin.java,35.0,IDORLogin,exact,by_design,by_design,by-design,False,False,1,src/test/java/org/owasp/webgoat/lessons/idor/IDORLoginFsmProofTest.java,FB.HARD_CODE_PASSWORD at IDORLogin.java:35,"The static analyzer correctly identifies that initIDORInfo() hardcodes credentials like ""cat"" and ""buffalo"" into the idorUserInfo map at lines 35 and 40. However, this is a deliberate implementation choice within WebGoat, an OWASP educational platform designed to demonstrate security vulnerabilities"
Minor,FB.HARD_CODE_PASSWORD,org/owasp/webgoat/lessons/idor/IDORLogin.java,41.0,IDORLogin,exact,by_design,by_design,by-design,False,False,2,src/test/java/org/owasp/webgoat/lessons/idor/IDORLoginFsmProofTest.java,Fix IDOR login to support all configured users,"The checker correctly identifies that literal strings like ""cat"" and ""buffalo"" are stored as passwords in the `idorUserInfo` map within `initIDORInfo()`. However, this is a deliberate design choice for WebGoat, which is an intentionally vulnerable training application. The `IDORLogin` lesson specifi"
Minor,PROC_USE.VULNERABLE,org/owasp/webgoat/lessons/idor/IDORLogin.java,53.0,IDORLogin,exact,false_positive,false_positive,false-positive,False,False,3,src/test/java/org/owasp/webgoat/lessons/idor/IDORLoginFsmProofTest.java,Fix IDOR login to authenticate any valid user,"The checker claims a process is launched using externally controlled data, but the completed() method contains no process invocation whatsoever. It strictly performs a credential validation against a HashMap (idorUserInfo) and returns a Spring AttackResult object. Line 53 falls within the success br"
Minor,FB.EI_EXPOSE_REP2,org/owasp/webgoat/lessons/idor/IDORViewOtherProfile.java,36.0,IDORViewOtherProfile,exact,false_positive,false_positive,false-positive,False,False,2,src/test/java/org/owasp/webgoat/lessons/idor/IDORViewOtherProfileFsmProofTest.java,Suppress EI_EXPOSE_REP2 warning in IDORViewOtherProfile,"The checker flags `this.userSessionData = userSessionData;` as exposing mutable internals to an untrusted caller, but this constructor is a standard Spring dependency injection point. The actual caller is the Spring IoC container, which manages the `LessonSession` bean lifecycle and guarantees contr"
Minor,FB.EI_EXPOSE_REP2,org/owasp/webgoat/lessons/idor/IDORViewOwnProfile.java,22.0,IDORViewOwnProfile,exact,verified,pr_ready,true-positive,True,True,1,src/test/java/org/owasp/webgoat/lessons/idor/IDORViewOwnProfileFsmProofTest.java,Extract session values in constructor to prevent mutable reference exposure,"CONFIRMED, and fixed. JUnit test `src/test/java/org/owasp/webgoat/lessons/idor/IDORViewOwnProfileFsmProofTest.java` on JDK 25 fails on the unpatched code and passes after the recorded change, so the marker describes a real defect and the fix addresses it. Root cause: The constructor stores a direct "
Minor,FB.EI_EXPOSE_REP2,org/owasp/webgoat/lessons/idor/IDORViewOwnProfileAltUrl.java,29.0,IDORViewOwnProfileAltUrl,exact,false_positive,false_positive,false-positive,False,False,2,src/test/java/org/owasp/webgoat/lessons/idor/IDORViewOwnProfileAltUrlFsmProofTest.java,FB.EI_EXPOSE_REP2 at IDORViewOwnProfileAltUrl.java:29,"The FB.EI_EXPOSE_REP2 warning incorrectly treats the LessonSession userSessionData parameter as untrusted external input. This constructor is invoked exclusively by the Spring IoC container during bean initialization, not by user-facing endpoints or public APIs. The assignment this.userSessionData ="
Minor,FB.EI_EXPOSE_REP,org/owasp/webgoat/lessons/jwt/JWTQuiz.java,53.0,JWTQuiz,exact,verified,pr_ready,true-positive,True,True,1,src/test/java/org/owasp/webgoat/lessons/jwt/JWTQuizFsmProofTest.java,Prevent external mutation of internal state in JWTQuiz,"CONFIRMED, and fixed. JUnit test `src/test/java/org/owasp/webgoat/lessons/jwt/JWTQuizFsmProofTest.java` on JDK 25 fails on the unpatched code and passes after the recorded change, so the marker describes a real defect and the fix addresses it. Root cause: The getResults() method returns a direct ref"
Minor,PROC_USE.VULNERABLE,org/owasp/webgoat/lessons/jwt/JWTRefreshEndpoint.java,91.0,JWTRefreshEndpoint,exact,false_positive,false_positive,false-positive,False,False,2,src/test/java/org/owasp/webgoat/lessons/jwt/JWTRefreshEndpointFsmProofTest.java,PROC_USE.VULNERABLE at JWTRefreshEndpoint.java:91,"The static analyzer incorrectly flags this location as a vulnerable process execution, but the code actually invokes Jwts.parser().parse(), a pure Java library method for decoding and validating JWT strings. There is no call to Runtime.exec(), ProcessBuilder, or any OS-level command execution in thi"
Minor,PROC_USE.VULNERABLE,org/owasp/webgoat/lessons/jwt/JWTRefreshEndpoint.java,121.0,JWTRefreshEndpoint,exact,false_positive,false_positive,false-positive,False,False,2,src/test/java/org/owasp/webgoat/lessons/jwt/JWTRefreshEndpointFsmProofTest.java,PROC_USE.VULNERABLE at JWTRefreshEndpoint.java:121,"The checker claims that a process is launched using externally-controlled data, but the newToken method contains no process-launching APIs such as Runtime.exec() or ProcessBuilder. The method solely parses a JWT token via Jwts.parser().parse(), extracts the user and refresh token, validates the refr"
Major,SIMILAR_BRANCHES,org/owasp/webgoat/lessons/jwt/JWTRefreshEndpoint.java,129.0,JWTRefreshEndpoint,exact,false_positive,false_positive,false-positive,False,False,2,src/test/java/org/owasp/webgoat/lessons/jwt/JWTRefreshEndpointFsmProofTest.java,Fix redundant similar branches in JWTRefreshEndpoint.newToken,"The SIMILAR_BRANCHES heuristic incorrectly flags the `if` and `else` branches as a copy-paste error. In reality, they handle two distinct validation failures: the `if` branch catches missing or null JWT claims/JSON fields (`user == null || refreshToken == null`), while the `else` branch catches a re"
Minor,FB.MS_PKGPROTECT,org/owasp/webgoat/lessons/jwt/JWTSecretKeyEndpoint.java,34.0,JWTSecretKeyEndpoint,no-method,unprovable,unprovable,unprovable,False,False,1,src/test/java/org/owasp/webgoat/lessons/jwt/JWTSecretKeyEndpointFsmProofTest.java,Fix MS_PKGPROTECT: restrict visibility of mutable static array SECRETS,"The checker correctly identifies that `SECRETS` is a `public static final String[]`, meaning the array reference is immutable but its contents remain mutable and publicly accessible. This field is only consumed during static initialization to randomly select and encode one element into `JWT_SECRET`,"
Major,FB.DMI_RANDOM_USED_ONLY_ONCE,org/owasp/webgoat/lessons/jwt/JWTSecretKeyEndpoint.java,38.0,JWTSecretKeyEndpoint,no-method,by_design,by_design,by-design,False,False,2,src/test/java/org/owasp/webgoat/lessons/jwt/JWTSecretKeyEndpointFsmProofTest.java,Fix DMI_RANDOM_USED_ONLY_ONCE in JWTSecretKeyEndpoint,"The marker correctly identifies that `new Random().nextInt(SECRETS.length)` is instantiated and invoked exactly once during the static initialization of `JWT_SECRET`. However, this is a `by-design` weakness because WebGoat is a deliberately vulnerable training application. The lesson explicitly aims"
Minor,FB.PREDICTABLE_RANDOM,org/owasp/webgoat/lessons/jwt/JWTSecretKeyEndpoint.java,38.0,JWTSecretKeyEndpoint,no-method,verified,needs_review,needs-review,True,True,1,src/test/java/org/owasp/webgoat/lessons/jwt/JWTSecretKeyEndpointFsmProofTest.java,Fix predictable JWT secret generation by using SecureRandom,"CONFIRMED by execution, but the RESULT IS NOT TRUSTWORTHY AS IT STANDS and a human must look before anything is proposed. JUnit test `src/test/java/org/owasp/webgoat/lessons/jwt/JWTSecretKeyEndpointFsmProofTest.java` on JDK 25 flipped red to green, however: ⚠ THE TEST DOES NOT EXERCISE THE REAL CODE"
Major,TAINTED_PTR.COOKIE,org/owasp/webgoat/lessons/jwt/JWTVotesEndpoint.java,135.0,JWTVotesEndpoint,exact,false_positive,false_positive,false-positive,False,False,2,src/test/java/org/owasp/webgoat/lessons/jwt/JWTVotesEndpointFsmProofTest.java,Fix NPE when JWT 'user' claim is missing,"The marker flags `accessToken` from the cookie as tainted, but the code validates it thoroughly before use. The token is parsed via `Jwts.parser().setSigningKey(JWT_PASSWORD).parse(accessToken)`, which verifies the cryptographic signature and throws `JwtException` on any tampering or format error. T"
Minor,PROC_USE.VULNERABLE,org/owasp/webgoat/lessons/jwt/JWTVotesEndpoint.java,139.0,JWTVotesEndpoint,exact,false_positive,false_positive,false-positive,False,False,2,src/test/java/org/owasp/webgoat/lessons/jwt/JWTVotesEndpointFsmProofTest.java,PROC_USE.VULNERABLE at JWTVotesEndpoint.java:139,"The marker claims a process is launched from externally-controlled data, but the method getVotes() performs only JWT parsing, view selection, and JSON serialization. There are no calls to Runtime.exec(), ProcessBuilder, or any process-launching API in the provided code. The logic strictly handles HT"
Major,TAINTED_PTR.COOKIE,org/owasp/webgoat/lessons/jwt/JWTVotesEndpoint.java,160.0,JWTVotesEndpoint,exact,false_positive,false_positive,false-positive,False,False,2,src/test/java/org/owasp/webgoat/lessons/jwt/JWTVotesEndpointFsmProofTest.java,Fix JWT signature verification to resolve taint warning,"The checker claims the accessToken cookie is used without validation, but the code immediately subjects it to cryptographic verification via Jwts.parser().setSigningKey(JWT_PASSWORD).parse(accessToken). Any tampered or malformed token triggers a JwtException, which is caught and safely defaults seri"
Minor,PROC_USE.VULNERABLE,org/owasp/webgoat/lessons/jwt/JWTVotesEndpoint.java,164.0,JWTVotesEndpoint,exact,false_positive,false_positive,false-positive,False,False,2,src/test/java/org/owasp/webgoat/lessons/jwt/JWTVotesEndpointFsmProofTest.java,PROC_USE.VULNERABLE at JWTVotesEndpoint.java:164,"The checker claims a process is launched from externally-controlled data, but the getVotes() method contains zero process-execution APIs such as Runtime.exec() or ProcessBuilder. The code exclusively parses a JWT token, selects a Jackson serialization view based on the user role, serializes a list o"
Major,TAINTED_PTR.COOKIE,org/owasp/webgoat/lessons/jwt/JWTVotesEndpoint.java,183.0,JWTVotesEndpoint,exact,false_positive,false_positive,false-positive,False,False,2,src/test/java/org/owasp/webgoat/lessons/jwt/JWTVotesEndpointFsmProofTest.java,Fix SVACE TAINTED_PTR.COOKIE warning in JWTVotesEndpoint,"The checker claims that cookie data is used without validation at line 183, but the variable referenced at that line (`title`) is bound via `@PathVariable`, not `@CookieValue`. The actual cookie parameter (`accessToken`) undergoes strict validation earlier in the method: it is parsed and cryptograph"
Minor,PROC_USE.VULNERABLE,org/owasp/webgoat/lessons/jwt/JWTVotesEndpoint.java,187.0,JWTVotesEndpoint,exact,false_positive,false_positive,false-positive,False,False,2,src/test/java/org/owasp/webgoat/lessons/jwt/JWTVotesEndpointFsmProofTest.java,PROC_USE.VULNERABLE at JWTVotesEndpoint.java:187,"The marker claims a process is launched from externally-controlled data, but the `vote` method contains zero process execution APIs such as `Runtime.exec` or `ProcessBuilder`. The code strictly parses a JWT token, validates the extracted username against `validUsers`, and updates an in-memory vote c"
Minor,FB.OBL_UNSATISFIED_OBLIGATION,org/owasp/webgoat/lessons/jwt/claimmisuse/JWTHeaderKIDEndpoint.java,74.0,JWTHeaderKIDEndpoint,exact,unprovable,unprovable,unprovable,False,False,3,src/test/java/org/owasp/webgoat/lessons/jwt/claimmisuse/JWTHeaderKIDEndpointFsmProofTest.java,Fix resource leak by closing Statement and ResultSet in JWTHeaderKIDEndpoint,"The marker claims an unclosed stream, but the Connection is acquired inside a try-with-resources statement (try (var connection = dataSource.getConnection())), which guarantees that connection.close() is invoked on every exit path, including the early return inside the while loop. According to the J"
Minor,FB.ODR_OPEN_DATABASE_RESOURCE,org/owasp/webgoat/lessons/jwt/claimmisuse/JWTHeaderKIDEndpoint.java,74.0,JWTHeaderKIDEndpoint,exact,unprovable,unprovable,unprovable,False,False,3,src/test/java/org/owasp/webgoat/lessons/jwt/claimmisuse/JWTHeaderKIDEndpointFsmProofTest.java,Fix JDBC resource leak in JWTHeaderKIDEndpoint,"The marker claims a JDBC resource is not closed, but the code uses a try-with-resources block on the Connection (line 74: try (var connection = dataSource.getConnection())). In standard JDBC implementations, closing the Connection implicitly closes all Statements and ResultSets derived from it. Sinc"
Minor,FB.OBL_UNSATISFIED_OBLIGATION,org/owasp/webgoat/lessons/jwt/claimmisuse/JWTHeaderKIDEndpoint.java,75.0,JWTHeaderKIDEndpoint,exact,unprovable,unprovable,unprovable,False,False,3,src/test/java/org/owasp/webgoat/lessons/jwt/claimmisuse/JWTHeaderKIDEndpointFsmProofTest.java,Fix resource leak for Statement and ResultSet in JWTHeaderKIDEndpoint,"The try-with-resources block at line 75 guarantees the Connection is closed on every exit path, including the early return inside the while loop and the catch block. JDBC drivers implicitly close or invalidate associated Statement and ResultSet objects when the parent Connection is closed, so the an"
Minor,FB.EI_EXPOSE_REP2,org/owasp/webgoat/lessons/lessontemplate/SampleAttack.java,32.0,SampleAttack,exact,reproduced,fix_failed,true-positive-unfixed,True,False,1,src/test/java/org/owasp/webgoat/lessons/lessontemplate/SampleAttackFsmProofTest.java,Fix EI_EXPOSE_REP2 by defensively copying LessonSession in constructor,"CONFIRMED as a real defect, but UNFIXED. JUnit test `src/test/java/org/owasp/webgoat/lessons/lessontemplate/SampleAttackFsmProofTest.java` on JDK 25 fails on the unpatched code, which demonstrates the marker holds. No source-only fix could be produced that made it pass, so this marker needs a human "
Major,FB.URF_UNREAD_FIELD,org/owasp/webgoat/lessons/lessontemplate/SampleAttack.java,71.0,SampleAttack,no-method,false_positive,false_positive,false-positive,False,False,1,src/test/java/org/owasp/webgoat/lessons/lessontemplate/SampleAttackFsmProofTest.java,Fix URF_UNREAD_FIELD warning in SampleAttack.Item,The marker flags the `description` field (and its siblings) inside the `Item` inner class as written but never read. These fields are assigned by the Lombok-generated `@AllArgsConstructor` constructor when `new Item(...)` is invoked in `getItemsInBasket`. Because the method returns a `List<Item>` an
Minor,PROC_USE.VULNERABLE,org/owasp/webgoat/lessons/logging/LogBleedingTask.java,43.0,LogBleedingTask,exact,false_positive,false_positive,false-positive,False,False,2,src/test/java/org/owasp/webgoat/lessons/logging/LogBleedingTaskFsmProofTest.java,Address false positive SVACE warning in LogBleedingTask,"The checker claims a process is launched from externally-controlled data, but the completed() method contains zero process execution APIs such as Runtime.exec() or ProcessBuilder. The method is a standard Spring MVC endpoint that strictly validates two @RequestParam strings against hardcoded and ins"
Normal,DEREF_OF_NULL.RET,org/owasp/webgoat/lessons/missingac/MissingFunctionACYourHash.java,40.0,MissingFunctionACYourHash,exact,verified,pr_ready,true-positive,True,True,1,src/test/java/org/owasp/webgoat/lessons/missingac/MissingFunctionACYourHashFsmProofTest.java,Prevent NPE when user is missing in MissingFunctionACYourHash lesson,"CONFIRMED, and fixed. JUnit test `src/test/java/org/owasp/webgoat/lessons/missingac/MissingFunctionACYourHashFsmProofTest.java` on JDK 25 fails on the unpatched code and passes after the recorded change, so the marker describes a real defect and the fix addresses it. Root cause: userRepository.findB"
Normal,DEREF_OF_NULL.RET,org/owasp/webgoat/lessons/missingac/MissingFunctionACYourHashAdmin.java,46.0,MissingFunctionACYourHashAdmin,exact,verified,pr_ready,true-positive,True,True,2,src/test/java/org/owasp/webgoat/lessons/missingac/MissingFunctionACYourHashAdminFsmProofTest.java,Fix NPE in MissingFunctionACYourHashAdmin when user repository returns null,"CONFIRMED, and fixed. JUnit test `src/test/java/org/owasp/webgoat/lessons/missingac/MissingFunctionACYourHashAdminFsmProofTest.java` on JDK 25 fails on the unpatched code and passes after the recorded change, so the marker describes a real defect and the fix addresses it. Root cause: userRepository."
Minor,PROC_USE.VULNERABLE,org/owasp/webgoat/lessons/passwordreset/ResetLinkAssignment.java,77.0,ResetLinkAssignment,exact,false_positive,false_positive,false-positive,False,False,2,src/test/java/org/owasp/webgoat/lessons/passwordreset/ResetLinkAssignmentFsmProofTest.java,PROC_USE.VULNERABLE at ResetLinkAssignment.java:77,"The static analyzer incorrectly flags this method for command injection, but the source code contains zero process execution APIs such as Runtime.exec() or ProcessBuilder. The guard if (TOM_EMAIL.equals(email)) and subsequent passwordTom.equals() checks only perform in-memory string comparisons and "
Minor,FB.EI_EXPOSE_REP2,org/owasp/webgoat/lessons/passwordreset/ResetLinkAssignmentForgotPassword.java,46.0,ResetLinkAssignmentForgotPassword,exact,false_positive,false_positive,false-positive,False,False,2,src/test/java/org/owasp/webgoat/lessons/passwordreset/ResetLinkAssignmentForgotPasswordFsmProofTest.java,Fix EI_EXPOSE_REP2 by depending on RestOperations interface,"The marker FB.EI_EXPOSE_REP2 flags direct assignment of externally supplied mutable objects to prevent callers from retaining handles to internal state. However, line 46 assigns `this.webWolfURL = webWolfURL;`, where `webWolfURL` is explicitly typed as `String`. In Java, `String` is strictly immutab"
Minor,FB.EI_EXPOSE_REP2,org/owasp/webgoat/lessons/passwordreset/SimpleMailAssignment.java,37.0,SimpleMailAssignment,exact,false_positive,false_positive,false-positive,False,False,2,src/test/java/org/owasp/webgoat/lessons/passwordreset/SimpleMailAssignmentFsmProofTest.java,Fix FB.EI_EXPOSE_REP2 warning in SimpleMailAssignment,"The marker targets line 37, which contains the @PostMapping annotation for the login method, not a constructor or setter as claimed. The checker's warning about storing an externally supplied mutable object (likely a RestTemplate via constructor injection) misinterprets standard Spring dependency in"
Minor,PROC_USE.VULNERABLE,org/owasp/webgoat/lessons/passwordreset/SimpleMailAssignment.java,52.0,SimpleMailAssignment,exact,false_positive,false_positive,false-positive,False,False,2,src/test/java/org/owasp/webgoat/lessons/passwordreset/SimpleMailAssignmentFsmProofTest.java,PROC_USE.VULNERABLE at SimpleMailAssignment.java:52,"The login() method exclusively performs string extraction via extractUsername(), equality checks using String.equals(), and returns an AttackResult object. There are no invocations of Runtime.exec(), ProcessBuilder, or any other OS process execution API within this method or the surrounding class. T"
Minor,FB.PATH_TRAVERSAL_IN,org/owasp/webgoat/lessons/pathtraversal/ProfileUploadBase.java,51.0,ProfileUploadBase,exact,reproduced,fix_failed,true-positive-unfixed,True,False,1,src/test/java/org/owasp/webgoat/lessons/pathtraversal/ProfileUploadBaseFsmProofTest.java,Fix path traversal vulnerability in profile upload,"CONFIRMED as a real defect, but UNFIXED. JUnit test `src/test/java/org/owasp/webgoat/lessons/pathtraversal/ProfileUploadBaseFsmProofTest.java` on JDK 25 fails on the unpatched code, which demonstrates the marker holds. No source-only fix could be produced that made it pass, so this marker needs a hu"
Major,FB.RV_RETURN_VALUE_IGNORED_BAD_PRACTICE,org/owasp/webgoat/lessons/pathtraversal/ProfileUploadBase.java,52.0,ProfileUploadBase,exact,unprovable,unprovable,unprovable,False,False,2,src/test/java/org/owasp/webgoat/lessons/pathtraversal/ProfileUploadBaseFsmProofTest.java,Fix ignored return value warning in ProfileUploadBase,"The marker flags that `createNewFile()` returns a boolean indicating success, which is ignored. However, `FileCopyUtils.copy()` immediately follows and unconditionally creates or overwrites the target file, rendering the `createNewFile()` call functionally redundant. Because the subsequent copy oper"
Minor,FB.PATH_TRAVERSAL_IN,org/owasp/webgoat/lessons/pathtraversal/ProfileUploadBase.java,70.0,ProfileUploadBase,exact,verified,needs_review,needs-review,True,True,2,src/test/java/org/owasp/webgoat/lessons/pathtraversal/ProfileUploadBaseFsmProofTest.java,Fix path traversal vulnerability in ProfileUploadBase,"CONFIRMED by execution, but the RESULT IS NOT TRUSTWORTHY AS IT STANDS and a human must look before anything is proposed. JUnit test `src/test/java/org/owasp/webgoat/lessons/pathtraversal/ProfileUploadBaseFsmProofTest.java` on JDK 25 flipped red to green, however: ⚠ FIX SKEPTIC (over-fit): The naive"
Major,DEREF_OF_NULL.RET.LIB,org/owasp/webgoat/lessons/pathtraversal/ProfileUploadBase.java,82.0,ProfileUploadBase,exact,verified,pr_ready,true-positive,True,True,2,src/test/java/org/owasp/webgoat/lessons/pathtraversal/ProfileUploadBaseFsmProofTest.java,Fix NPE in ProfileUploadBase when uploaded file lacks parent directory,"CONFIRMED, and fixed. JUnit test `src/test/java/org/owasp/webgoat/lessons/pathtraversal/ProfileUploadBaseFsmProofTest.java` on JDK 25 fails on the unpatched code and passes after the recorded change, so the marker describes a real defect and the fix addresses it. Root cause: uploadedFile.getParentFi"
Major,DEREF_OF_NULL.RET.LIB,org/owasp/webgoat/lessons/pathtraversal/ProfileUploadBase.java,86.0,ProfileUploadBase,exact,verified,pr_ready,true-positive,True,True,2,src/test/java/org/owasp/webgoat/lessons/pathtraversal/ProfileUploadBaseFsmProofTest.java,Fix NPE in PathTraversal lesson when parent directory is null,"CONFIRMED, and fixed. JUnit test `src/test/java/org/owasp/webgoat/lessons/pathtraversal/ProfileUploadBaseFsmProofTest.java` on JDK 25 fails on the unpatched code and passes after the recorded change, so the marker describes a real defect and the fix addresses it. Root cause: File.getParentFile() ret"
Minor,FB.PATH_TRAVERSAL_IN,org/owasp/webgoat/lessons/pathtraversal/ProfileUploadBase.java,103.0,ProfileUploadBase,exact,by_design,by_design,by-design,False,True,2,src/test/java/org/owasp/webgoat/lessons/pathtraversal/ProfileUploadBaseFsmProofTest.java,Fix path traversal vulnerability in getProfilePictureAsBase64,"The checker correctly identifies that the username parameter is concatenated directly into a File path without canonicalization or validation, enabling directory traversal. However, this vulnerability is intentional: the class resides in org.owasp.webgoat.lessons.pathtraversal, a deliberately vulner"
Normal,UNREACHABLE_CODE,org/owasp/webgoat/lessons/pathtraversal/ProfileUploadBase.java,112.0,ProfileUploadBase,exact,false_positive,false_positive,false-positive,False,False,1,src/test/java/org/owasp/webgoat/lessons/pathtraversal/ProfileUploadBaseFsmProofTest.java,Fix profile picture reading to use filtered file variable,"The checker incorrectly flags the lambda body inside .map() as unreachable. The preceding guard explicitly verifies that profileDirectoryFiles is non-null and contains at least one element. When the stream filters for valid image extensions and findFirst() locates a match, the Optional is present, g"
Normal,UNREACHABLE_CODE,org/owasp/webgoat/lessons/pathtraversal/ProfileUploadBase.java,115.0,ProfileUploadBase,exact,false_positive,false_positive,false-positive,False,False,1,src/test/java/org/owasp/webgoat/lessons/pathtraversal/ProfileUploadBaseFsmProofTest.java,Fix profile picture reading to use filtered file instead of directory index,"The checker incorrectly claims the catch (IOException e) block is unreachable. Both new FileInputStream(profileDirectoryFiles[0]) and FileCopyUtils.copyToByteArray(inputStream) explicitly declare throws IOException, making the handler mandatory for compilation and reachable at runtime. Although the "
Major,FB.UI_INHERITANCE_UNSAFE_GETRESOURCE,org/owasp/webgoat/lessons/pathtraversal/ProfileUploadBase.java,126.0,ProfileUploadBase,exact,false_positive,false_positive,false-positive,False,False,2,src/test/java/org/owasp/webgoat/lessons/pathtraversal/ProfileUploadBaseFsmProofTest.java,Fix unsafe resource loading in ProfileUploadBase,"The checker warns that getClass().getResource() resolves relative to a subclass's package, but the code explicitly uses an absolute path starting with a leading slash ('/images/account.png'). According to the Class.getResourceAsStream specification, an absolute name bypasses package-relative resolut"
Normal,HANDLE_LEAK.EXCEPTION,org/owasp/webgoat/lessons/pathtraversal/ProfileUploadBase.java,126.0,ProfileUploadBase,exact,unprovable,unprovable,unprovable,False,False,2,src/test/java/org/owasp/webgoat/lessons/pathtraversal/ProfileUploadBaseFsmProofTest.java,Fix resource leak in defaultImage method,"The checker correctly notes that `inputStream` lacks a `try-with-resources` block or explicit `close()` call if `FileCopyUtils.copyToByteArray(inputStream)` or the Base64 encoder throws. However, `getClass().getResourceAsStream()` returns a classloader-backed stream rather than a native OS file desc"
Minor,FB.PATH_TRAVERSAL_IN,org/owasp/webgoat/lessons/pathtraversal/ProfileUploadRetrieval.java,54.0,ProfileUploadRetrieval,exact,false_positive,false_positive,false-positive,False,False,2,src/test/java/org/owasp/webgoat/lessons/pathtraversal/ProfileUploadRetrievalFsmProofTest.java,Fix path traversal vulnerability in ProfileUploadRetrieval,"The marker incorrectly flags the constructor as a path traversal sink by assuming webGoatHomeDirectory is externally controlled. In reality, this parameter is injected via Spring's @Value(""${webgoat.server.directory}""), which resolves to a static deployment configuration property at bean initializat"
Major,FB.RV_RETURN_VALUE_IGNORED_BAD_PRACTICE,org/owasp/webgoat/lessons/pathtraversal/ProfileUploadRetrieval.java,55.0,ProfileUploadRetrieval,exact,verified,pr_ready,true-positive,True,True,1,src/test/java/org/owasp/webgoat/lessons/pathtraversal/ProfileUploadRetrievalFsmProofTest.java,Check mkdirs() return value in ProfileUploadRetrieval to prevent silent failures,"CONFIRMED, and fixed. JUnit test `src/test/java/org/owasp/webgoat/lessons/pathtraversal/ProfileUploadRetrievalFsmProofTest.java` on JDK 25 fails on the unpatched code and passes after the recorded change, so the marker describes a real defect and the fix addresses it. Root cause: The return value of"
Minor,FB.PATH_TRAVERSAL_IN,org/owasp/webgoat/lessons/pathtraversal/ProfileUploadRetrieval.java,64.0,ProfileUploadRetrieval,exact,false_positive,false_positive,false-positive,False,False,2,src/test/java/org/owasp/webgoat/lessons/pathtraversal/ProfileUploadRetrievalFsmProofTest.java,Fix path traversal vulnerability in ProfileUploadRetrieval,"The checker incorrectly assumes the path component is derived from external input. In initAssignment(), the filename is constructed using the loop counter i, which is a deterministic integer strictly bounded between 1 and 10. Because i is never assigned from user requests, HTTP parameters, or any ot"
Major,DEREF_OF_NULL.RET.LIB,org/owasp/webgoat/lessons/pathtraversal/ProfileUploadRetrieval.java,69.0,ProfileUploadRetrieval,exact,false_positive,false_positive,false-positive,False,False,2,src/test/java/org/owasp/webgoat/lessons/pathtraversal/ProfileUploadRetrievalFsmProofTest.java,Fix potential NPE from File.listFiles() returning null,"The marker flags this.catPicturesDirectory.getParentFile().getParentFile() at line 69 for potential null dereference, but this is a false positive. catPicturesDirectory is initialized as new File(webGoatHomeDirectory, ""/PathTraversal/cats""), where the leading slash forces an absolute path that struc"
Major,DEREF_OF_NULL.RET.LIB,org/owasp/webgoat/lessons/pathtraversal/ProfileUploadRetrieval.java,72.0,ProfileUploadRetrieval,exact,false_positive,false_positive,false-positive,False,False,2,src/test/java/org/owasp/webgoat/lessons/pathtraversal/ProfileUploadRetrievalFsmProofTest.java,Fix potential NPE from File.listFiles() returning null,"The checker flags secretDirectory.toPath() because File.getParentFile() is documented to return null when a pathname lacks a parent directory. However, catPicturesDirectory is initialized with a hardcoded absolute path (/PathTraversal/cats), which guarantees that two successive calls to getParentFil"
Minor,FB.PATH_TRAVERSAL_IN,org/owasp/webgoat/lessons/pathtraversal/ProfileUploadRetrieval.java,101.0,ProfileUploadRetrieval,exact,verified,pr_rejected,true-positive,True,True,1,src/test/java/org/owasp/webgoat/lessons/pathtraversal/ProfileUploadRetrievalFsmProofTest.java,PR rejected,CONFIRMED by execution — JUnit test `src/test/java/org/owasp/webgoat/lessons/pathtraversal/ProfileUploadRetrievalFsmProofTest.java` on JDK 25 goes red before the change and green after — but NOT proposed upstream. WebGoat is an intentionally vulnerable training application; this code resides in a le
Major,DEREF_OF_NULL.RET.LIB,org/owasp/webgoat/lessons/pathtraversal/ProfileUploadRetrieval.java,117.0,ProfileUploadRetrieval,exact,false_positive,false_positive,false-positive,False,False,2,src/test/java/org/owasp/webgoat/lessons/pathtraversal/ProfileUploadRetrievalFsmProofTest.java,Fix NPE when listing files in ProfileUploadRetrieval,"The checker claims an unchecked dereference of a library return value, but line 117 passes the result of catPicture.getParentFile().listFiles() directly as an argument to StringUtils.arrayToCommaDelimitedString(). No method call or field access follows listFiles() in this code, so there is no actual"
Minor,FB.DM_DEFAULT_ENCODING,org/owasp/webgoat/lessons/pathtraversal/ProfileUploadRetrieval.java,118.0,ProfileUploadRetrieval,exact,unprovable,unprovable,unprovable,False,False,2,src/test/java/org/owasp/webgoat/lessons/pathtraversal/ProfileUploadRetrievalFsmProofTest.java,Fix default charset usage in ProfileUploadRetrieval,"The marker correctly flags that StringUtils.arrayToCommaDelimitedString(...).getBytes() on line 118 omits an explicit charset, causing the NOT_FOUND response body to encode using the JVM platform default. This is a legitimate portability concern, but it cannot be demonstrated as a runtime defect in "
Minor,FB.NP_NULL_ON_SOME_PATH_FROM_RETURN_VALUE,org/owasp/webgoat/lessons/pathtraversal/ProfileZipSlip.java,58.0,ProfileZipSlip,exact,verified,pr_ready,true-positive,True,True,3,src/test/java/org/owasp/webgoat/lessons/pathtraversal/ProfileZipSlipFsmProofTest.java,Fix NPE in ProfileZipSlip when original filename is null,"CONFIRMED, and fixed. JUnit test `src/test/java/org/owasp/webgoat/lessons/pathtraversal/ProfileZipSlipFsmProofTest.java` on JDK 25 fails on the unpatched code and passes after the recorded change, so the marker describes a real defect and the fix addresses it. Root cause: file.getOriginalFilename() "
Minor,FB.PATH_TRAVERSAL_IN,org/owasp/webgoat/lessons/pathtraversal/ProfileZipSlip.java,67.0,ProfileZipSlip,exact,verified,needs_review,needs-review,True,True,3,src/test/java/org/owasp/webgoat/lessons/pathtraversal/ProfileZipSlipFsmProofTest.java,Fix ZipSlip vulnerability in ProfileZipSlip,"CONFIRMED by execution, but the RESULT IS NOT TRUSTWORTHY AS IT STANDS and a human must look before anything is proposed. JUnit test `src/test/java/org/owasp/webgoat/lessons/pathtraversal/ProfileZipSlipFsmProofTest.java` on JDK 25 flipped red to green, however: ⚠ FIX SKEPTIC (unknown): skeptic retur"
Major,HANDLE_LEAK,org/owasp/webgoat/lessons/pathtraversal/ProfileZipSlip.java,75.0,ProfileZipSlip,exact,unprovable,unprovable,unprovable,False,False,2,src/test/java/org/owasp/webgoat/lessons/pathtraversal/ProfileZipSlipFsmProofTest.java,Fix resource leak in ProfileZipSlip.processZipUpload,"The `ZipFile` instance allocated at line 75 is genuinely never closed, as it lacks both try-with-resources syntax and a `finally` block cleanup. Although the lesson deliberately exposes a Zip Slip path-traversal flaw, this resource leak is merely an incidental oversight rather than a teaching object"
Minor,FB.OS_OPEN_STREAM,org/owasp/webgoat/lessons/pathtraversal/ProfileZipSlip.java,75.0,ProfileZipSlip,exact,unprovable,unprovable,unprovable,False,False,2,src/test/java/org/owasp/webgoat/lessons/pathtraversal/ProfileZipSlipFsmProofTest.java,Fix resource leak in ProfileZipSlip by closing ZipFile and InputStream,"The checker correctly identifies that `new ZipFile(...)` on line 75 is never closed, as the method lacks a `try-with-resources` block or `finally` clause for the `zip` variable. Because `java.util.zip.ZipFile` does not expose a public API to query its closed state or file descriptor usage from outsi"
Minor,FB.PATH_TRAVERSAL_IN,org/owasp/webgoat/lessons/pathtraversal/ProfileZipSlip.java,79.0,ProfileZipSlip,exact,reproduced,fix_failed,true-positive-unfixed,True,False,1,src/test/java/org/owasp/webgoat/lessons/pathtraversal/ProfileZipSlipFsmProofTest.java,Fix Zip Slip vulnerability in ProfileZipSlip assignment,"CONFIRMED as a real defect, but UNFIXED. JUnit test `src/test/java/org/owasp/webgoat/lessons/pathtraversal/ProfileZipSlipFsmProofTest.java` on JDK 25 fails on the unpatched code, which demonstrates the marker holds. No source-only fix could be produced that made it pass, so this marker needs a human"
Major,TAINTED_PTR.COOKIE,org/owasp/webgoat/lessons/spoofcookie/SpoofCookieAssignment.java,55.0,SpoofCookieAssignment,no-method,by_design,by_design,by-design,False,False,2,src/test/java/org/owasp/webgoat/lessons/spoofcookie/SpoofCookieAssignmentFsmProofTest.java,Suppress SVACE taint warning in SpoofCookieAssignment,"Although the marker points to line 55 (a class-level declaration outside any method), the underlying taint flow concerns the `@CookieValue` parameter and the `cookieLoginFlow` method. This WebGoat lesson is deliberately engineered to lack cryptographic signature verification on the `spoof_auth` cook"
Minor,PROC_USE.VULNERABLE,org/owasp/webgoat/lessons/spoofcookie/SpoofCookieAssignment.java,73.0,SpoofCookieAssignment,exact,false_positive,false_positive,false-positive,False,False,2,src/test/java/org/owasp/webgoat/lessons/spoofcookie/SpoofCookieAssignmentFsmProofTest.java,PROC_USE.VULNERABLE at SpoofCookieAssignment.java:73,"The checker claims a process is launched from externally-controlled data, but line 73 and the surrounding credentialsLoginFlow method contain no process execution APIs such as Runtime.exec() or ProcessBuilder. Instead, line 73 simply invokes EncDec.encode(lowerCasedUsername) to generate a cookie val"
Minor,PROC_USE.VULNERABLE,org/owasp/webgoat/lessons/spoofcookie/SpoofCookieAssignment.java,78.0,SpoofCookieAssignment,exact,false_positive,false_positive,false-positive,False,False,2,src/test/java/org/owasp/webgoat/lessons/spoofcookie/SpoofCookieAssignmentFsmProofTest.java,PROC_USE.VULNERABLE at SpoofCookieAssignment.java:78,"The checker alleges a process is launched from externally-controlled data, yet the method `credentialsLoginFlow` contains zero process invocation APIs such as `Runtime.exec` or `ProcessBuilder`. The implementation is strictly limited to string comparisons, `EncDec.encode`, and `HttpServletResponse.a"
Minor,FB.DM_DEFAULT_ENCODING,org/owasp/webgoat/lessons/spoofcookie/encoders/EncDec.java,59.0,EncDec,exact,false_positive,false_positive,false-positive,False,True,2,src/test/java/org/owasp/webgoat/lessons/spoofcookie/encoders/EncDecFsmProofTest.java,Fix default charset usage in EncDec to ensure UTF-8 round-trip,"The marker flags `value.getBytes()` and `new String(decoded)` for relying on the platform default charset, but this is a false positive because the Base64 alphabet acts as an implicit upstream sanitizer. Base64 encoding exclusively produces ASCII characters, which are identically represented across "
Minor,FB.DM_DEFAULT_ENCODING,org/owasp/webgoat/lessons/spoofcookie/encoders/EncDec.java,63.0,EncDec,exact,reproduced,fix_failed,true-positive-unfixed,True,False,2,src/test/java/org/owasp/webgoat/lessons/spoofcookie/encoders/EncDecFsmProofTest.java,Fix default charset dependency in EncDec encoding methods,"CONFIRMED as a real defect, but UNFIXED. JUnit test `src/test/java/org/owasp/webgoat/lessons/spoofcookie/encoders/EncDecFsmProofTest.java` on JDK 25 fails on the unpatched code, which demonstrates the marker holds. No source-only fix could be produced that made it pass, so this marker needs a human "
Minor,FB.DM_DEFAULT_ENCODING,org/owasp/webgoat/lessons/spoofcookie/encoders/EncDec.java,67.0,EncDec,unresolved,verified,pr_ready,true-positive,True,True,2,src/test/java/org/owasp/webgoat/lessons/spoofcookie/encoders/EncDecFsmProofTest.java,Fix charset dependency and case preservation in SpoofCookie encoders,"CONFIRMED, and fixed. JUnit test `src/test/java/org/owasp/webgoat/lessons/spoofcookie/encoders/EncDecFsmProofTest.java` on JDK 25 fails on the unpatched code and passes after the recorded change, so the marker describes a real defect and the fix addresses it. Root cause: The encode method incorrectl"
Minor,FB.DM_DEFAULT_ENCODING,org/owasp/webgoat/lessons/spoofcookie/encoders/EncDec.java,68.0,EncDec,unresolved,reproduced,fix_failed,true-positive-unfixed,True,False,2,src/test/java/org/owasp/webgoat/lessons/spoofcookie/encoders/EncDecFsmProofTest.java,Fix default charset dependence in EncDec,"CONFIRMED as a real defect, but UNFIXED. JUnit test `src/test/java/org/owasp/webgoat/lessons/spoofcookie/encoders/EncDecFsmProofTest.java` on JDK 25 fails on the unpatched code, which demonstrates the marker holds. No source-only fix could be produced that made it pass, so this marker needs a human "
Minor,FB.EI_EXPOSE_REP2,org/owasp/webgoat/lessons/sqlinjection/advanced/SqlInjectionChallenge.java,39.0,SqlInjectionChallenge,no-method,false_positive,false_positive,false-positive,False,False,2,src/test/java/org/owasp/webgoat/lessons/sqlinjection/advanced/SqlInjectionChallengeFsmProofTest.java,FB.EI_EXPOSE_REP2 at SqlInjectionChallenge.java:39,"The marker flags the constructor assignment `this.dataSource = dataSource` as exposing a mutable reference, but this is a standard Spring dependency injection pattern. The class is annotated with `@RestController`, meaning Spring's IoC container exclusively instantiates it and injects the `LessonDat"
Normal,HANDLE_LEAK.EXCEPTION,org/owasp/webgoat/lessons/sqlinjection/advanced/SqlInjectionChallenge.java,56.0,SqlInjectionChallenge,exact,verified,pr_ready,true-positive,True,True,1,src/test/java/org/owasp/webgoat/lessons/sqlinjection/advanced/SqlInjectionChallengeFsmProofTest.java,Fix resource leak for Statement and ResultSet in SqlInjectionChallenge,"CONFIRMED, and fixed. JUnit test `src/test/java/org/owasp/webgoat/lessons/sqlinjection/advanced/SqlInjectionChallengeFsmProofTest.java` on JDK 25 fails on the unpatched code and passes after the recorded change, so the marker describes a real defect and the fix addresses it. Root cause: Statement an"
Minor,FB.OBL_UNSATISFIED_OBLIGATION,org/owasp/webgoat/lessons/sqlinjection/advanced/SqlInjectionChallenge.java,56.0,SqlInjectionChallenge,exact,verified,pr_ready,true-positive,True,True,1,src/test/java/org/owasp/webgoat/lessons/sqlinjection/advanced/SqlInjectionChallengeFsmProofTest.java,Fix JDBC resource leaks in SqlInjectionChallenge,"CONFIRMED, and fixed. JUnit test `src/test/java/org/owasp/webgoat/lessons/sqlinjection/advanced/SqlInjectionChallengeFsmProofTest.java` on JDK 25 fails on the unpatched code and passes after the recorded change, so the marker describes a real defect and the fix addresses it. Root cause: JDBC resourc"
Minor,FB.ODR_OPEN_DATABASE_RESOURCE,org/owasp/webgoat/lessons/sqlinjection/advanced/SqlInjectionChallenge.java,56.0,SqlInjectionChallenge,exact,false_positive,false_positive,false-positive,False,False,2,src/test/java/org/owasp/webgoat/lessons/sqlinjection/advanced/SqlInjectionChallengeFsmProofTest.java,Fix JDBC resource leaks in SqlInjectionChallenge,"The Connection is acquired inside a try-with-resources statement at line 56, which guarantees that close() is invoked on all execution paths, including those that throw SQLException and fall into the catch block. According to the JDBC specification, closing a Connection automatically closes all Stat"
Minor,FB.OBL_UNSATISFIED_OBLIGATION,org/owasp/webgoat/lessons/sqlinjection/advanced/SqlInjectionChallenge.java,57.0,SqlInjectionChallenge,exact,verified,pr_ready,true-positive,True,True,1,src/test/java/org/owasp/webgoat/lessons/sqlinjection/advanced/SqlInjectionChallengeFsmProofTest.java,Close JDBC Statement and ResultSet in SqlInjectionChallenge to prevent resource leaks,"CONFIRMED, and fixed. JUnit test `src/test/java/org/owasp/webgoat/lessons/sqlinjection/advanced/SqlInjectionChallengeFsmProofTest.java` on JDK 25 fails on the unpatched code and passes after the recorded change, so the marker describes a real defect and the fix addresses it. Root cause: Statement an"
Normal,HANDLE_LEAK.EXCEPTION,org/owasp/webgoat/lessons/sqlinjection/advanced/SqlInjectionChallenge.java,63.0,SqlInjectionChallenge,exact,verified,pr_ready,true-positive,True,True,1,src/test/java/org/owasp/webgoat/lessons/sqlinjection/advanced/SqlInjectionChallengeFsmProofTest.java,Fix resource leak in SqlInjectionChallenge by closing Statement and ResultSet,"CONFIRMED, and fixed. JUnit test `src/test/java/org/owasp/webgoat/lessons/sqlinjection/advanced/SqlInjectionChallengeFsmProofTest.java` on JDK 25 fails on the unpatched code and passes after the recorded change, so the marker describes a real defect and the fix addresses it. Root cause: Statement an"
Minor,FB.ODR_OPEN_DATABASE_RESOURCE,org/owasp/webgoat/lessons/sqlinjection/advanced/SqlInjectionChallenge.java,63.0,SqlInjectionChallenge,exact,verified,pr_ready,true-positive,True,True,1,src/test/java/org/owasp/webgoat/lessons/sqlinjection/advanced/SqlInjectionChallengeFsmProofTest.java,Fix JDBC resource leaks in SqlInjectionChallenge,"CONFIRMED, and fixed. JUnit test `src/test/java/org/owasp/webgoat/lessons/sqlinjection/advanced/SqlInjectionChallengeFsmProofTest.java` on JDK 25 fails on the unpatched code and passes after the recorded change, so the marker describes a real defect and the fix addresses it. Root cause: JDBC resourc"
Minor,FB.EI_EXPOSE_REP2,org/owasp/webgoat/lessons/sqlinjection/advanced/SqlInjectionChallengeLogin.java,23.0,SqlInjectionChallengeLogin,exact,false_positive,false_positive,false-positive,False,False,2,src/test/java/org/owasp/webgoat/lessons/sqlinjection/advanced/SqlInjectionChallengeLoginFsmProofTest.java,Suppress FB.EI_EXPOSE_REP2 warning in SqlInjectionChallengeLogin,"The FB.EI_EXPOSE_REP2 warning incorrectly treats dataSource as an arbitrary mutable object passed by untrusted code. In this Spring-managed component, LessonDataSource is a framework-injected dependency, and direct assignment in the constructor is the standard, safe pattern for dependency injection."
Major,HANDLE_LEAK,org/owasp/webgoat/lessons/sqlinjection/advanced/SqlInjectionChallengeLogin.java,34.0,SqlInjectionChallengeLogin,exact,verified,pr_ready,true-positive,True,True,2,src/test/java/org/owasp/webgoat/lessons/sqlinjection/advanced/SqlInjectionChallengeLoginFsmProofTest.java,Fix resource leak in SqlInjectionChallengeLogin,"CONFIRMED, and fixed. JUnit test `src/test/java/org/owasp/webgoat/lessons/sqlinjection/advanced/SqlInjectionChallengeLoginFsmProofTest.java` on JDK 25 fails on the unpatched code and passes after the recorded change, so the marker describes a real defect and the fix addresses it. Root cause: Prepare"
Minor,FB.OBL_UNSATISFIED_OBLIGATION,org/owasp/webgoat/lessons/sqlinjection/advanced/SqlInjectionChallengeLogin.java,34.0,SqlInjectionChallengeLogin,exact,verified,pr_ready,true-positive,True,True,2,src/test/java/org/owasp/webgoat/lessons/sqlinjection/advanced/SqlInjectionChallengeLoginFsmProofTest.java,Fix JDBC resource leak in SqlInjectionChallengeLogin,"CONFIRMED, and fixed. JUnit test `src/test/java/org/owasp/webgoat/lessons/sqlinjection/advanced/SqlInjectionChallengeLoginFsmProofTest.java` on JDK 25 fails on the unpatched code and passes after the recorded change, so the marker describes a real defect and the fix addresses it. Root cause: Prepare"
Minor,FB.ODR_OPEN_DATABASE_RESOURCE,org/owasp/webgoat/lessons/sqlinjection/advanced/SqlInjectionChallengeLogin.java,34.0,SqlInjectionChallengeLogin,exact,verified,pr_ready,true-positive,True,True,1,src/test/java/org/owasp/webgoat/lessons/sqlinjection/advanced/SqlInjectionChallengeLoginFsmProofTest.java,Fix JDBC resource leak in SqlInjectionChallengeLogin,"CONFIRMED, and fixed. JUnit test `src/test/java/org/owasp/webgoat/lessons/sqlinjection/advanced/SqlInjectionChallengeLoginFsmProofTest.java` on JDK 25 fails on the unpatched code and passes after the recorded change, so the marker describes a real defect and the fix addresses it. Root cause: JDBC Pr"
Minor,FB.OBL_UNSATISFIED_OBLIGATION,org/owasp/webgoat/lessons/sqlinjection/advanced/SqlInjectionChallengeLogin.java,38.0,SqlInjectionChallengeLogin,exact,verified,pr_ready,true-positive,True,True,1,src/test/java/org/owasp/webgoat/lessons/sqlinjection/advanced/SqlInjectionChallengeLoginFsmProofTest.java,Fix resource leak in SqlInjectionChallengeLogin by closing PreparedStatement and ResultSet,"CONFIRMED, and fixed. JUnit test `src/test/java/org/owasp/webgoat/lessons/sqlinjection/advanced/SqlInjectionChallengeLoginFsmProofTest.java` on JDK 25 fails on the unpatched code and passes after the recorded change, so the marker describes a real defect and the fix addresses it. Root cause: The Pre"
Minor,FB.EI_EXPOSE_REP2,org/owasp/webgoat/lessons/sqlinjection/advanced/SqlInjectionLesson6a.java,39.0,SqlInjectionLesson6a,exact,false_positive,false_positive,false-positive,False,False,2,src/test/java/org/owasp/webgoat/lessons/sqlinjection/advanced/SqlInjectionLesson6aFsmProofTest.java,Suppress false positive EI_EXPOSE_REP2 warning in SqlInjectionLesson6a,"The FB.EI_EXPOSE_REP2 warning incorrectly assumes LessonDataSource is a mutable, caller-controlled object that requires defensive copying. In this Spring Boot application, LessonDataSource is a framework-managed dependency injected via the constructor, typically implemented as a thread-safe singleto"
Minor,FB.EI_EXPOSE_REP2,org/owasp/webgoat/lessons/sqlinjection/advanced/SqlInjectionLesson6b.java,28.0,SqlInjectionLesson6b,exact,false_positive,false_positive,false-positive,False,False,2,src/test/java/org/owasp/webgoat/lessons/sqlinjection/advanced/SqlInjectionLesson6bFsmProofTest.java,FB.EI_EXPOSE_REP2 at SqlInjectionLesson6b.java:28,"The marker flags the direct assignment this.dataSource = dataSource in the constructor as a potential encapsulation violation. However, the dataSource field is declared private final and is never exposed via getters or returned to external callers, which completely blocks the intended attack vector "
Minor,PROC_USE.VULNERABLE,org/owasp/webgoat/lessons/sqlinjection/advanced/SqlInjectionLesson6b.java,34.0,SqlInjectionLesson6b,exact,false_positive,false_positive,false-positive,False,False,2,src/test/java/org/owasp/webgoat/lessons/sqlinjection/advanced/SqlInjectionLesson6bFsmProofTest.java,PROC_USE.VULNERABLE at SqlInjectionLesson6b.java:34,"The checker claims that line 34 launches a process using externally-controlled data, but the completed() method contains no calls to Runtime.exec(), ProcessBuilder, or any OS-level command execution API. The method simply performs a string equality check between the userid_6b request parameter and t"
Normal,HANDLE_LEAK.EXCEPTION,org/owasp/webgoat/lessons/sqlinjection/advanced/SqlInjectionLesson6b.java,47.0,SqlInjectionLesson6b,exact,verified,pr_ready,true-positive,True,True,1,src/test/java/org/owasp/webgoat/lessons/sqlinjection/advanced/SqlInjectionLesson6bFsmProofTest.java,Fix resource leak by closing Statement on exception in SqlInjectionLesson6b,"CONFIRMED, and fixed. JUnit test `src/test/java/org/owasp/webgoat/lessons/sqlinjection/advanced/SqlInjectionLesson6bFsmProofTest.java` on JDK 25 fails on the unpatched code and passes after the recorded change, so the marker describes a real defect and the fix addresses it. Root cause: The Statement"
Minor,FB.OBL_UNSATISFIED_OBLIGATION,org/owasp/webgoat/lessons/sqlinjection/advanced/SqlInjectionLesson6b.java,47.0,SqlInjectionLesson6b,exact,verified,pr_ready,true-positive,True,True,1,src/test/java/org/owasp/webgoat/lessons/sqlinjection/advanced/SqlInjectionLesson6bFsmProofTest.java,Fix resource leak in SqlInjectionLesson6b by using try-with-resources,"CONFIRMED, and fixed. JUnit test `src/test/java/org/owasp/webgoat/lessons/sqlinjection/advanced/SqlInjectionLesson6bFsmProofTest.java` on JDK 25 fails on the unpatched code and passes after the recorded change, so the marker describes a real defect and the fix addresses it. Root cause: Statement and"
Minor,FB.ODR_OPEN_DATABASE_RESOURCE,org/owasp/webgoat/lessons/sqlinjection/advanced/SqlInjectionLesson6b.java,47.0,SqlInjectionLesson6b,exact,verified,pr_ready,true-positive,True,True,1,src/test/java/org/owasp/webgoat/lessons/sqlinjection/advanced/SqlInjectionLesson6bFsmProofTest.java,Fix JDBC resource leak in SqlInjectionLesson6b,"CONFIRMED, and fixed. JUnit test `src/test/java/org/owasp/webgoat/lessons/sqlinjection/advanced/SqlInjectionLesson6bFsmProofTest.java` on JDK 25 fails on the unpatched code and passes after the recorded change, so the marker describes a real defect and the fix addresses it. Root cause: JDBC Statemen"
Minor,FB.OBL_UNSATISFIED_OBLIGATION,org/owasp/webgoat/lessons/sqlinjection/advanced/SqlInjectionLesson6b.java,49.0,SqlInjectionLesson6b,exact,verified,pr_ready,true-positive,True,True,1,src/test/java/org/owasp/webgoat/lessons/sqlinjection/advanced/SqlInjectionLesson6bFsmProofTest.java,Fix JDBC resource leak in SqlInjectionLesson6b using try-with-resources,"CONFIRMED, and fixed. JUnit test `src/test/java/org/owasp/webgoat/lessons/sqlinjection/advanced/SqlInjectionLesson6bFsmProofTest.java` on JDK 25 fails on the unpatched code and passes after the recorded change, so the marker describes a real defect and the fix addresses it. Root cause: Statement and"
Minor,FB.EI_EXPOSE_REP,org/owasp/webgoat/lessons/sqlinjection/advanced/SqlInjectionQuiz.java,70.0,SqlInjectionQuiz,exact,verified,pr_ready,true-positive,True,True,1,src/test/java/org/owasp/webgoat/lessons/sqlinjection/advanced/SqlInjectionQuizFsmProofTest.java,Fix defensive copy in SqlInjectionQuiz.getResults(),"CONFIRMED, and fixed. JUnit test `src/test/java/org/owasp/webgoat/lessons/sqlinjection/advanced/SqlInjectionQuizFsmProofTest.java` on JDK 25 fails on the unpatched code and passes after the recorded change, so the marker describes a real defect and the fix addresses it. Root cause: The getResults() "
Minor,FB.EI_EXPOSE_REP2,org/owasp/webgoat/lessons/sqlinjection/introduction/SqlInjectionLesson10.java,38.0,SqlInjectionLesson10,exact,false_positive,false_positive,false-positive,False,False,2,src/test/java/org/owasp/webgoat/lessons/sqlinjection/introduction/SqlInjectionLesson10FsmProofTest.java,FB.EI_EXPOSE_REP2 at SqlInjectionLesson10.java:38,"The assignment `this.dataSource = dataSource;` is safe because `LessonDataSource` is a Spring-managed interface injected by the container at startup, not an untrusted external object. The Spring framework controls its lifecycle and instantiation, so no arbitrary caller can mutate it or retain a dang"
Major,HANDLE_LEAK,org/owasp/webgoat/lessons/sqlinjection/introduction/SqlInjectionLesson10.java,54.0,SqlInjectionLesson10,exact,verified,pr_ready,true-positive,True,True,1,src/test/java/org/owasp/webgoat/lessons/sqlinjection/introduction/SqlInjectionLesson10FsmProofTest.java,Fix resource leak in SqlInjectionLesson10 by using try-with-resources,"CONFIRMED, and fixed. JUnit test `src/test/java/org/owasp/webgoat/lessons/sqlinjection/introduction/SqlInjectionLesson10FsmProofTest.java` on JDK 25 fails on the unpatched code and passes after the recorded change, so the marker describes a real defect and the fix addresses it. Root cause: Statement"
Minor,FB.OBL_UNSATISFIED_OBLIGATION,org/owasp/webgoat/lessons/sqlinjection/introduction/SqlInjectionLesson10.java,54.0,SqlInjectionLesson10,exact,reproduced,fix_failed,true-positive-unfixed,True,False,1,src/test/java/org/owasp/webgoat/lessons/sqlinjection/introduction/SqlInjectionLesson10FsmProofTest.java,Fix resource leak by closing Statement and ResultSet,"CONFIRMED as a real defect, but UNFIXED. JUnit test `src/test/java/org/owasp/webgoat/lessons/sqlinjection/introduction/SqlInjectionLesson10FsmProofTest.java` on JDK 25 fails on the unpatched code, which demonstrates the marker holds. No source-only fix could be produced that made it pass, so this ma"
Minor,FB.ODR_OPEN_DATABASE_RESOURCE,org/owasp/webgoat/lessons/sqlinjection/introduction/SqlInjectionLesson10.java,54.0,SqlInjectionLesson10,exact,verified,pr_ready,true-positive,True,True,1,src/test/java/org/owasp/webgoat/lessons/sqlinjection/introduction/SqlInjectionLesson10FsmProofTest.java,Fix JDBC resource leak in SqlInjectionLesson10,"CONFIRMED, and fixed. JUnit test `src/test/java/org/owasp/webgoat/lessons/sqlinjection/introduction/SqlInjectionLesson10FsmProofTest.java` on JDK 25 fails on the unpatched code and passes after the recorded change, so the marker describes a real defect and the fix addresses it. Root cause: JDBC Stat"
Major,HANDLE_LEAK,org/owasp/webgoat/lessons/sqlinjection/introduction/SqlInjectionLesson10.java,99.0,SqlInjectionLesson10,exact,verified,pr_ready,true-positive,True,True,1,src/test/java/org/owasp/webgoat/lessons/sqlinjection/introduction/SqlInjectionLesson10FsmProofTest.java,Fix resource leak in SqlInjectionLesson10.tableExists,"CONFIRMED, and fixed. JUnit test `src/test/java/org/owasp/webgoat/lessons/sqlinjection/introduction/SqlInjectionLesson10FsmProofTest.java` on JDK 25 fails on the unpatched code and passes after the recorded change, so the marker describes a real defect and the fix addresses it. Root cause: The table"
Minor,FB.OBL_UNSATISFIED_OBLIGATION,org/owasp/webgoat/lessons/sqlinjection/introduction/SqlInjectionLesson10.java,99.0,SqlInjectionLesson10,exact,verified,pr_ready,true-positive,True,True,1,src/test/java/org/owasp/webgoat/lessons/sqlinjection/introduction/SqlInjectionLesson10FsmProofTest.java,Fix resource leak in SqlInjectionLesson10.tableExists,"CONFIRMED, and fixed. JUnit test `src/test/java/org/owasp/webgoat/lessons/sqlinjection/introduction/SqlInjectionLesson10FsmProofTest.java` on JDK 25 fails on the unpatched code and passes after the recorded change, so the marker describes a real defect and the fix addresses it. Root cause: The table"
Minor,FB.OBL_UNSATISFIED_OBLIGATION,org/owasp/webgoat/lessons/sqlinjection/introduction/SqlInjectionLesson10.java,100.0,SqlInjectionLesson10,exact,verified,pr_ready,true-positive,True,True,1,src/test/java/org/owasp/webgoat/lessons/sqlinjection/introduction/SqlInjectionLesson10FsmProofTest.java,Fix resource leak in SqlInjectionLesson10.tableExists,"CONFIRMED, and fixed. JUnit test `src/test/java/org/owasp/webgoat/lessons/sqlinjection/introduction/SqlInjectionLesson10FsmProofTest.java` on JDK 25 fails on the unpatched code and passes after the recorded change, so the marker describes a real defect and the fix addresses it. Root cause: The table"
Minor,FB.EI_EXPOSE_REP2,org/owasp/webgoat/lessons/sqlinjection/introduction/SqlInjectionLesson2.java,37.0,SqlInjectionLesson2,exact,false_positive,false_positive,false-positive,False,False,2,src/test/java/org/owasp/webgoat/lessons/sqlinjection/introduction/SqlInjectionLesson2FsmProofTest.java,Fix EI_EXPOSE_REP2 warning in SqlInjectionLesson2 constructor,"The FB.EI_EXPOSE_REP2 warning incorrectly assumes LessonDataSource is a mutable object whose internal state could be altered by the caller to violate class invariants. In reality, LessonDataSource is an interface extending java.sql.DataSource, which represents a thread-safe connection factory rather"
Major,HANDLE_LEAK,org/owasp/webgoat/lessons/sqlinjection/introduction/SqlInjectionLesson2.java,48.0,SqlInjectionLesson2,exact,verified,pr_ready,true-positive,True,True,1,src/test/java/org/owasp/webgoat/lessons/sqlinjection/introduction/SqlInjectionLesson2FsmProofTest.java,Fix resource leak in SqlInjectionLesson2 by closing Statement and ResultSet,"CONFIRMED, and fixed. JUnit test `src/test/java/org/owasp/webgoat/lessons/sqlinjection/introduction/SqlInjectionLesson2FsmProofTest.java` on JDK 25 fails on the unpatched code and passes after the recorded change, so the marker describes a real defect and the fix addresses it. Root cause: Statement "
Minor,FB.OBL_UNSATISFIED_OBLIGATION,org/owasp/webgoat/lessons/sqlinjection/introduction/SqlInjectionLesson2.java,48.0,SqlInjectionLesson2,exact,verified,pr_ready,true-positive,True,True,1,src/test/java/org/owasp/webgoat/lessons/sqlinjection/introduction/SqlInjectionLesson2FsmProofTest.java,Fix resource leak by closing Statement in SqlInjectionLesson2,"CONFIRMED, and fixed. JUnit test `src/test/java/org/owasp/webgoat/lessons/sqlinjection/introduction/SqlInjectionLesson2FsmProofTest.java` on JDK 25 fails on the unpatched code and passes after the recorded change, so the marker describes a real defect and the fix addresses it. Root cause: The Statem"
Minor,FB.ODR_OPEN_DATABASE_RESOURCE,org/owasp/webgoat/lessons/sqlinjection/introduction/SqlInjectionLesson2.java,48.0,SqlInjectionLesson2,exact,verified,pr_ready,true-positive,True,True,1,src/test/java/org/owasp/webgoat/lessons/sqlinjection/introduction/SqlInjectionLesson2FsmProofTest.java,Fix JDBC resource leak in SqlInjectionLesson2,"CONFIRMED, and fixed. JUnit test `src/test/java/org/owasp/webgoat/lessons/sqlinjection/introduction/SqlInjectionLesson2FsmProofTest.java` on JDK 25 fails on the unpatched code and passes after the recorded change, so the marker describes a real defect and the fix addresses it. Root cause: JDBC State"
Minor,FB.OBL_UNSATISFIED_OBLIGATION,org/owasp/webgoat/lessons/sqlinjection/introduction/SqlInjectionLesson2.java,49.0,SqlInjectionLesson2,exact,verified,pr_ready,true-positive,True,True,1,src/test/java/org/owasp/webgoat/lessons/sqlinjection/introduction/SqlInjectionLesson2FsmProofTest.java,Fix resource leak by closing Statement and ResultSet in SqlInjectionLesson2,"CONFIRMED, and fixed. JUnit test `src/test/java/org/owasp/webgoat/lessons/sqlinjection/introduction/SqlInjectionLesson2FsmProofTest.java` on JDK 25 fails on the unpatched code and passes after the recorded change, so the marker describes a real defect and the fix addresses it. Root cause: Statement "
Minor,FB.EI_EXPOSE_REP2,org/owasp/webgoat/lessons/sqlinjection/introduction/SqlInjectionLesson3.java,32.0,SqlInjectionLesson3,exact,false_positive,false_positive,false-positive,False,False,2,src/test/java/org/owasp/webgoat/lessons/sqlinjection/introduction/SqlInjectionLesson3FsmProofTest.java,FB.EI_EXPOSE_REP2 at SqlInjectionLesson3.java:32,"The marker flags the direct assignment this.dataSource = dataSource; as an encapsulation violation, assuming the caller could mutate the object to corrupt internal state. However, LessonDataSource extends javax.sql.DataSource, a standard JDBC interface designed to be a thread-safe, shared, and effec"
Minor,FB.OBL_UNSATISFIED_OBLIGATION,org/owasp/webgoat/lessons/sqlinjection/introduction/SqlInjectionLesson3.java,44.0,SqlInjectionLesson3,exact,verified,needs_review,needs-review,True,True,1,src/test/java/org/owasp/webgoat/lessons/sqlinjection/introduction/SqlInjectionLesson3FsmProofTest.java,Fix resource leak in SqlInjectionLesson3 by closing Statement,"CONFIRMED by execution, but the RESULT IS NOT TRUSTWORTHY AS IT STANDS and a human must look before anything is proposed. JUnit test `src/test/java/org/owasp/webgoat/lessons/sqlinjection/introduction/SqlInjectionLesson3FsmProofTest.java` on JDK 25 flipped red to green, however: ⚠ THE TEST DOES NOT E"
Major,HANDLE_LEAK,org/owasp/webgoat/lessons/sqlinjection/introduction/SqlInjectionLesson3.java,46.0,SqlInjectionLesson3,exact,verified,pr_ready,true-positive,True,True,1,src/test/java/org/owasp/webgoat/lessons/sqlinjection/introduction/SqlInjectionLesson3FsmProofTest.java,Fix JDBC resource leak in SqlInjectionLesson3,"CONFIRMED, and fixed. JUnit test `src/test/java/org/owasp/webgoat/lessons/sqlinjection/introduction/SqlInjectionLesson3FsmProofTest.java` on JDK 25 fails on the unpatched code and passes after the recorded change, so the marker describes a real defect and the fix addresses it. Root cause: The Statem"
Minor,FB.ODR_OPEN_DATABASE_RESOURCE,org/owasp/webgoat/lessons/sqlinjection/introduction/SqlInjectionLesson3.java,46.0,SqlInjectionLesson3,exact,verified,pr_ready,true-positive,True,True,1,src/test/java/org/owasp/webgoat/lessons/sqlinjection/introduction/SqlInjectionLesson3FsmProofTest.java,Fix JDBC resource leak in SqlInjectionLesson3,"CONFIRMED, and fixed. JUnit test `src/test/java/org/owasp/webgoat/lessons/sqlinjection/introduction/SqlInjectionLesson3FsmProofTest.java` on JDK 25 fails on the unpatched code and passes after the recorded change, so the marker describes a real defect and the fix addresses it. Root cause: checkState"
Minor,FB.EI_EXPOSE_REP2,org/owasp/webgoat/lessons/sqlinjection/introduction/SqlInjectionLesson4.java,33.0,SqlInjectionLesson4,exact,false_positive,false_positive,false-positive,False,False,2,src/test/java/org/owasp/webgoat/lessons/sqlinjection/introduction/SqlInjectionLesson4FsmProofTest.java,FB.EI_EXPOSE_REP2 at SqlInjectionLesson4.java:33,"The marker flags the constructor SqlInjectionLesson4(LessonDataSource dataSource) for storing an externally supplied reference without a defensive copy, but this is standard Spring constructor injection. The assignment this.dataSource = dataSource; targets a final field, preventing reassignment, and"
Minor,FB.EI_EXPOSE_REP2,org/owasp/webgoat/lessons/sqlinjection/introduction/SqlInjectionLesson5.java,36.0,SqlInjectionLesson5,exact,false_positive,false_positive,false-positive,False,False,2,src/test/java/org/owasp/webgoat/lessons/sqlinjection/introduction/SqlInjectionLesson5FsmProofTest.java,FB.EI_EXPOSE_REP2 at SqlInjectionLesson5.java:36,"The FB.EI_EXPOSE_REP2 warning incorrectly assumes the LessonDataSource parameter passed to the constructor at line 36 is a mutable object that external callers can alter after assignment. In this Spring-managed context, LessonDataSource is a framework-injected dependency with no public mutators expo"
Major,FB.REC_CATCH_EXCEPTION,org/owasp/webgoat/lessons/sqlinjection/introduction/SqlInjectionLesson5.java,48.0,SqlInjectionLesson5,exact,unprovable,unprovable,unprovable,False,False,3,src/test/java/org/owasp/webgoat/lessons/sqlinjection/introduction/SqlInjectionLesson5FsmProofTest.java,Fix swallowed RuntimeException in SqlInjectionLesson5.createUser(),"The marker correctly identifies that `catch(Exception)` is overly broad and will silently swallow `RuntimeException`s alongside the expected `SQLException` from `statement.execute()`. However, this is a one-time `@PostConstruct` initialization routine intended to be idempotent, and no runtime test c"
Minor,TAINTED_PTR.MINOR,org/owasp/webgoat/lessons/sqlinjection/introduction/SqlInjectionLesson5.java,57.0,SqlInjectionLesson5,exact,reproduced,fix_failed,true-positive-unfixed,True,False,3,src/test/java/org/owasp/webgoat/lessons/sqlinjection/introduction/SqlInjectionLesson5FsmProofTest.java,Fix SQL injection vulnerability in SqlInjectionLesson5 by using PreparedStatement,"CONFIRMED as a real defect, but UNFIXED. JUnit test `src/test/java/org/owasp/webgoat/lessons/sqlinjection/introduction/SqlInjectionLesson5FsmProofTest.java` on JDK 25 fails on the unpatched code, which demonstrates the marker holds. No source-only fix could be produced that made it pass, so this mar"
Major,FB.RV_RETURN_VALUE_IGNORED,org/owasp/webgoat/lessons/sqlinjection/introduction/SqlInjectionLesson5.java,65.0,SqlInjectionLesson5,exact,by_design,by_design,by-design,False,False,2,src/test/java/org/owasp/webgoat/lessons/sqlinjection/introduction/SqlInjectionLesson5FsmProofTest.java,Fix ignored return value warning in SqlInjectionLesson5,"The marker correctly identifies that statement.executeQuery(query) returns a ResultSet that is not assigned or used. However, this is intentional for this WebGoat lesson. The exercise focuses on SQL injection execution and side effects; success is determined solely by whether the query runs without "
Major,HANDLE_LEAK,org/owasp/webgoat/lessons/sqlinjection/introduction/SqlInjectionLesson5.java,82.0,SqlInjectionLesson5,exact,verified,pr_ready,true-positive,True,True,1,src/test/java/org/owasp/webgoat/lessons/sqlinjection/introduction/SqlInjectionLesson5FsmProofTest.java,Fix JDBC resource leak in SqlInjectionLesson5.checkSolution,"CONFIRMED, and fixed. JUnit test `src/test/java/org/owasp/webgoat/lessons/sqlinjection/introduction/SqlInjectionLesson5FsmProofTest.java` on JDK 25 fails on the unpatched code and passes after the recorded change, so the marker describes a real defect and the fix addresses it. Root cause: PreparedSt"
Minor,FB.OBL_UNSATISFIED_OBLIGATION,org/owasp/webgoat/lessons/sqlinjection/introduction/SqlInjectionLesson5.java,82.0,SqlInjectionLesson5,exact,verified,pr_ready,true-positive,True,True,2,src/test/java/org/owasp/webgoat/lessons/sqlinjection/introduction/SqlInjectionLesson5FsmProofTest.java,Fix resource leak in SqlInjectionLesson5 checkSolution method,"CONFIRMED, and fixed. JUnit test `src/test/java/org/owasp/webgoat/lessons/sqlinjection/introduction/SqlInjectionLesson5FsmProofTest.java` on JDK 25 fails on the unpatched code and passes after the recorded change, so the marker describes a real defect and the fix addresses it. Root cause: The checkS"
Minor,FB.OBL_UNSATISFIED_OBLIGATION,org/owasp/webgoat/lessons/sqlinjection/introduction/SqlInjectionLesson5.java,87.0,SqlInjectionLesson5,exact,verified,pr_ready,true-positive,True,True,2,src/test/java/org/owasp/webgoat/lessons/sqlinjection/introduction/SqlInjectionLesson5FsmProofTest.java,Fix resource leak in SqlInjectionLesson5 by using try-with-resources,"CONFIRMED, and fixed. JUnit test `src/test/java/org/owasp/webgoat/lessons/sqlinjection/introduction/SqlInjectionLesson5FsmProofTest.java` on JDK 25 fails on the unpatched code and passes after the recorded change, so the marker describes a real defect and the fix addresses it. Root cause: PreparedSt"
Minor,FB.EI_EXPOSE_REP2,org/owasp/webgoat/lessons/sqlinjection/introduction/SqlInjectionLesson5a.java,34.0,SqlInjectionLesson5a,exact,false_positive,false_positive,false-positive,False,False,2,src/test/java/org/owasp/webgoat/lessons/sqlinjection/introduction/SqlInjectionLesson5aFsmProofTest.java,Suppress FB.EI_EXPOSE_REP2 warning in SqlInjectionLesson5a,"The marker flags direct assignment of dataSource in the constructor as an encapsulation violation, but this is a false positive. LessonDataSource implements javax.sql.DataSource, a Spring-managed service interface used solely to obtain database connections rather than a mutable value object whose in"
Minor,FB.EI_EXPOSE_REP2,org/owasp/webgoat/lessons/sqlinjection/introduction/SqlInjectionLesson5b.java,34.0,SqlInjectionLesson5b,exact,false_positive,false_positive,false-positive,False,False,2,src/test/java/org/owasp/webgoat/lessons/sqlinjection/introduction/SqlInjectionLesson5bFsmProofTest.java,FB.EI_EXPOSE_REP2 at SqlInjectionLesson5b.java:34,"The FB.EI_EXPOSE_REP2 warning incorrectly assumes that the dataSource parameter at line 34 is a mutable container whose internal state could be tampered with by the caller. The parameter type LessonDataSource implements javax.sql.DataSource, a thread-safe factory interface whose contract inherently "
Critical,TAINTED_PTR,org/owasp/webgoat/lessons/sqlinjection/introduction/SqlInjectionLesson5b.java,41.0,SqlInjectionLesson5b,exact,verified,pr_rejected,true-positive,True,True,1,src/test/java/org/owasp/webgoat/lessons/sqlinjection/introduction/SqlInjectionLesson5bFsmProofTest.java,PR rejected,"CONFIRMED by execution — JUnit test `src/test/java/org/owasp/webgoat/lessons/sqlinjection/introduction/SqlInjectionLesson5bFsmProofTest.java` on JDK 25 goes red before the change and green after — but NOT proposed upstream. WebGoat is an intentionally vulnerable training application, and this lesson"
Major,HANDLE_LEAK,org/owasp/webgoat/lessons/sqlinjection/introduction/SqlInjectionLesson5b.java,48.0,SqlInjectionLesson5b,exact,verified,pr_ready,true-positive,True,True,1,src/test/java/org/owasp/webgoat/lessons/sqlinjection/introduction/SqlInjectionLesson5bFsmProofTest.java,Fix resource leak in SqlInjectionLesson5b by closing PreparedStatement and ResultSet,"CONFIRMED, and fixed. JUnit test `src/test/java/org/owasp/webgoat/lessons/sqlinjection/introduction/SqlInjectionLesson5bFsmProofTest.java` on JDK 25 fails on the unpatched code and passes after the recorded change, so the marker describes a real defect and the fix addresses it. Root cause: PreparedS"
Minor,FB.OBL_UNSATISFIED_OBLIGATION,org/owasp/webgoat/lessons/sqlinjection/introduction/SqlInjectionLesson5b.java,48.0,SqlInjectionLesson5b,exact,verified,pr_ready,true-positive,True,True,1,src/test/java/org/owasp/webgoat/lessons/sqlinjection/introduction/SqlInjectionLesson5bFsmProofTest.java,Fix resource leak by closing PreparedStatement and ResultSet in SqlInjectionLesson5b,"CONFIRMED, and fixed. JUnit test `src/test/java/org/owasp/webgoat/lessons/sqlinjection/introduction/SqlInjectionLesson5bFsmProofTest.java` on JDK 25 fails on the unpatched code and passes after the recorded change, so the marker describes a real defect and the fix addresses it. Root cause: PreparedS"
Minor,FB.ODR_OPEN_DATABASE_RESOURCE,org/owasp/webgoat/lessons/sqlinjection/introduction/SqlInjectionLesson5b.java,48.0,SqlInjectionLesson5b,exact,verified,pr_ready,true-positive,True,True,1,src/test/java/org/owasp/webgoat/lessons/sqlinjection/introduction/SqlInjectionLesson5bFsmProofTest.java,Fix JDBC PreparedStatement resource leak in SqlInjectionLesson5b,"CONFIRMED, and fixed. JUnit test `src/test/java/org/owasp/webgoat/lessons/sqlinjection/introduction/SqlInjectionLesson5bFsmProofTest.java` on JDK 25 fails on the unpatched code and passes after the recorded change, so the marker describes a real defect and the fix addresses it. Root cause: The Prepa"
Minor,FB.OBL_UNSATISFIED_OBLIGATION,org/owasp/webgoat/lessons/sqlinjection/introduction/SqlInjectionLesson5b.java,69.0,SqlInjectionLesson5b,exact,verified,pr_ready,true-positive,True,True,1,src/test/java/org/owasp/webgoat/lessons/sqlinjection/introduction/SqlInjectionLesson5bFsmProofTest.java,Fix resource leak by closing ResultSet in SqlInjectionLesson5b,"CONFIRMED, and fixed. JUnit test `src/test/java/org/owasp/webgoat/lessons/sqlinjection/introduction/SqlInjectionLesson5bFsmProofTest.java` on JDK 25 fails on the unpatched code and passes after the recorded change, so the marker describes a real defect and the fix addresses it. Root cause: The Resul"
Minor,FB.EI_EXPOSE_REP2,org/owasp/webgoat/lessons/sqlinjection/introduction/SqlInjectionLesson8.java,38.0,SqlInjectionLesson8,exact,false_positive,false_positive,false-positive,False,False,2,src/test/java/org/owasp/webgoat/lessons/sqlinjection/introduction/SqlInjectionLesson8FsmProofTest.java,FB.EI_EXPOSE_REP2 at SqlInjectionLesson8.java:38,"The marker flags the constructor SqlInjectionLesson8(LessonDataSource dataSource) for directly storing the dataSource parameter, but this is a Spring-managed dependency injected by the framework container, not untrusted user input. Since the constructor is invoked exclusively by the DI framework dur"
Major,HANDLE_LEAK,org/owasp/webgoat/lessons/sqlinjection/introduction/SqlInjectionLesson8.java,59.0,SqlInjectionLesson8,exact,verified,pr_ready,true-positive,True,True,1,src/test/java/org/owasp/webgoat/lessons/sqlinjection/introduction/SqlInjectionLesson8FsmProofTest.java,Fix resource leak in SqlInjectionLesson8 by using try-with-resources,"CONFIRMED, and fixed. JUnit test `src/test/java/org/owasp/webgoat/lessons/sqlinjection/introduction/SqlInjectionLesson8FsmProofTest.java` on JDK 25 fails on the unpatched code and passes after the recorded change, so the marker describes a real defect and the fix addresses it. Root cause: Statement "
Minor,FB.OBL_UNSATISFIED_OBLIGATION,org/owasp/webgoat/lessons/sqlinjection/introduction/SqlInjectionLesson8.java,59.0,SqlInjectionLesson8,exact,verified,pr_ready,true-positive,True,True,1,src/test/java/org/owasp/webgoat/lessons/sqlinjection/introduction/SqlInjectionLesson8FsmProofTest.java,Fix resource leak by closing Statement and ResultSet in SqlInjectionLesson8,"CONFIRMED, and fixed. JUnit test `src/test/java/org/owasp/webgoat/lessons/sqlinjection/introduction/SqlInjectionLesson8FsmProofTest.java` on JDK 25 fails on the unpatched code and passes after the recorded change, so the marker describes a real defect and the fix addresses it. Root cause: Statement "
Minor,FB.ODR_OPEN_DATABASE_RESOURCE,org/owasp/webgoat/lessons/sqlinjection/introduction/SqlInjectionLesson8.java,59.0,SqlInjectionLesson8,exact,reproduced,fix_failed,true-positive-unfixed,True,False,1,src/test/java/org/owasp/webgoat/lessons/sqlinjection/introduction/SqlInjectionLesson8FsmProofTest.java,Fix unclosed JDBC Statement resource in SqlInjectionLesson8,"CONFIRMED as a real defect, but UNFIXED. JUnit test `src/test/java/org/owasp/webgoat/lessons/sqlinjection/introduction/SqlInjectionLesson8FsmProofTest.java` on JDK 25 fails on the unpatched code, which demonstrates the marker holds. No source-only fix could be produced that made it pass, so this mar"
Minor,FB.OBL_UNSATISFIED_OBLIGATION,org/owasp/webgoat/lessons/sqlinjection/introduction/SqlInjectionLesson8.java,62.0,SqlInjectionLesson8,exact,verified,pr_ready,true-positive,True,True,1,src/test/java/org/owasp/webgoat/lessons/sqlinjection/introduction/SqlInjectionLesson8FsmProofTest.java,Fix resource leak in SqlInjectionLesson8 by using try-with-resources,"CONFIRMED, and fixed. JUnit test `src/test/java/org/owasp/webgoat/lessons/sqlinjection/introduction/SqlInjectionLesson8FsmProofTest.java` on JDK 25 fails on the unpatched code and passes after the recorded change, so the marker describes a real defect and the fix addresses it. Root cause: Statement "
Major,HANDLE_LEAK,org/owasp/webgoat/lessons/sqlinjection/introduction/SqlInjectionLesson8.java,141.0,SqlInjectionLesson8,exact,verified,pr_ready,true-positive,True,True,1,src/test/java/org/owasp/webgoat/lessons/sqlinjection/introduction/SqlInjectionLesson8FsmProofTest.java,Fix resource leak in SqlInjectionLesson8.log by using try-with-resources,"CONFIRMED, and fixed. JUnit test `src/test/java/org/owasp/webgoat/lessons/sqlinjection/introduction/SqlInjectionLesson8FsmProofTest.java` on JDK 25 fails on the unpatched code and passes after the recorded change, so the marker describes a real defect and the fix addresses it. Root cause: The Statem"
Minor,FB.OBL_UNSATISFIED_OBLIGATION,org/owasp/webgoat/lessons/sqlinjection/introduction/SqlInjectionLesson8.java,141.0,SqlInjectionLesson8,exact,verified,pr_ready,true-positive,True,True,1,src/test/java/org/owasp/webgoat/lessons/sqlinjection/introduction/SqlInjectionLesson8FsmProofTest.java,Fix resource leak in SqlInjectionLesson8.log method,"CONFIRMED, and fixed. JUnit test `src/test/java/org/owasp/webgoat/lessons/sqlinjection/introduction/SqlInjectionLesson8FsmProofTest.java` on JDK 25 fails on the unpatched code and passes after the recorded change, so the marker describes a real defect and the fix addresses it. Root cause: The Statem"
Minor,FB.EI_EXPOSE_REP2,org/owasp/webgoat/lessons/sqlinjection/introduction/SqlInjectionLesson9.java,39.0,SqlInjectionLesson9,exact,false_positive,false_positive,false-positive,False,False,2,src/test/java/org/owasp/webgoat/lessons/sqlinjection/introduction/SqlInjectionLesson9FsmProofTest.java,Suppress EI_EXPOSE_REP2 warning for LessonDataSource injection,"The FB.EI_EXPOSE_REP2 warning incorrectly applies encapsulation rules to a standard dependency injection pattern. The constructor parameter dataSource is of type LessonDataSource, a framework-provided service interface for database access rather than a mutable value object whose internal state requi"
Major,HANDLE_LEAK,org/owasp/webgoat/lessons/sqlinjection/introduction/SqlInjectionLesson9.java,63.0,SqlInjectionLesson9,exact,reproduced,fix_failed,true-positive-unfixed,True,False,2,src/test/java/org/owasp/webgoat/lessons/sqlinjection/introduction/SqlInjectionLesson9FsmProofTest.java,Fix resource leak by closing Statement in SqlInjectionLesson9,"CONFIRMED as a real defect, but UNFIXED. JUnit test `src/test/java/org/owasp/webgoat/lessons/sqlinjection/introduction/SqlInjectionLesson9FsmProofTest.java` on JDK 25 fails on the unpatched code, which demonstrates the marker holds. No source-only fix could be produced that made it pass, so this mar"
Minor,FB.OBL_UNSATISFIED_OBLIGATION,org/owasp/webgoat/lessons/sqlinjection/introduction/SqlInjectionLesson9.java,63.0,SqlInjectionLesson9,exact,false_positive,false_positive,false-positive,False,False,2,src/test/java/org/owasp/webgoat/lessons/sqlinjection/introduction/SqlInjectionLesson9FsmProofTest.java,Fix resource leaks by closing Statement and ResultSet,"The marker claims an unclosed resource obligation for the Statement created at line 63. However, the Statement is instantiated from connection, which is declared in a try-with-resources block at line 51. Per the JDBC specification, closing a Connection automatically closes all Statement objects deri"
Minor,FB.ODR_OPEN_DATABASE_RESOURCE,org/owasp/webgoat/lessons/sqlinjection/introduction/SqlInjectionLesson9.java,63.0,SqlInjectionLesson9,exact,reproduced,fix_failed,true-positive-unfixed,True,False,1,src/test/java/org/owasp/webgoat/lessons/sqlinjection/introduction/SqlInjectionLesson9FsmProofTest.java,Fix JDBC Statement resource leak in SqlInjectionLesson9,"CONFIRMED as a real defect, but UNFIXED. JUnit test `src/test/java/org/owasp/webgoat/lessons/sqlinjection/introduction/SqlInjectionLesson9FsmProofTest.java` on JDK 25 fails on the unpatched code, which demonstrates the marker holds. No source-only fix could be produced that made it pass, so this mar"
Major,HANDLE_LEAK,org/owasp/webgoat/lessons/sqlinjection/introduction/SqlInjectionLesson9.java,93.0,SqlInjectionLesson9,exact,verified,pr_ready,true-positive,True,True,1,src/test/java/org/owasp/webgoat/lessons/sqlinjection/introduction/SqlInjectionLesson9FsmProofTest.java,Fix resource leak in SqlInjectionLesson9.getSqlInt,"CONFIRMED, and fixed. JUnit test `src/test/java/org/owasp/webgoat/lessons/sqlinjection/introduction/SqlInjectionLesson9FsmProofTest.java` on JDK 25 fails on the unpatched code and passes after the recorded change, so the marker describes a real defect and the fix addresses it. Root cause: The getSql"
Minor,FB.OBL_UNSATISFIED_OBLIGATION,org/owasp/webgoat/lessons/sqlinjection/introduction/SqlInjectionLesson9.java,93.0,SqlInjectionLesson9,exact,verified,pr_ready,true-positive,True,True,1,src/test/java/org/owasp/webgoat/lessons/sqlinjection/introduction/SqlInjectionLesson9FsmProofTest.java,Fix resource leak in SqlInjectionLesson9 by closing Statement and ResultSet,"CONFIRMED, and fixed. JUnit test `src/test/java/org/owasp/webgoat/lessons/sqlinjection/introduction/SqlInjectionLesson9FsmProofTest.java` on JDK 25 fails on the unpatched code and passes after the recorded change, so the marker describes a real defect and the fix addresses it. Root cause: Statement "
Minor,FB.OBL_UNSATISFIED_OBLIGATION,org/owasp/webgoat/lessons/sqlinjection/introduction/SqlInjectionLesson9.java,94.0,SqlInjectionLesson9,exact,verified,pr_ready,true-positive,True,True,1,src/test/java/org/owasp/webgoat/lessons/sqlinjection/introduction/SqlInjectionLesson9FsmProofTest.java,Fix resource leak in SqlInjectionLesson9.getSqlInt,"CONFIRMED, and fixed. JUnit test `src/test/java/org/owasp/webgoat/lessons/sqlinjection/introduction/SqlInjectionLesson9FsmProofTest.java` on JDK 25 fails on the unpatched code and passes after the recorded change, so the marker describes a real defect and the fix addresses it. Root cause: The getSql"
Major,HANDLE_LEAK,org/owasp/webgoat/lessons/sqlinjection/introduction/SqlInjectionLesson9.java,116.0,SqlInjectionLesson9,exact,reproduced,fix_failed,true-positive-unfixed,True,False,1,src/test/java/org/owasp/webgoat/lessons/sqlinjection/introduction/SqlInjectionLesson9FsmProofTest.java,Fix resource leak in SqlInjectionLesson9.getEmployeesDataOrderBySalaryDesc,"CONFIRMED as a real defect, but UNFIXED. JUnit test `src/test/java/org/owasp/webgoat/lessons/sqlinjection/introduction/SqlInjectionLesson9FsmProofTest.java` on JDK 25 fails on the unpatched code, which demonstrates the marker holds. No source-only fix could be produced that made it pass, so this mar"
Minor,FB.OBL_UNSATISFIED_OBLIGATION_EXCEPTION_EDGE,org/owasp/webgoat/lessons/sqlinjection/introduction/SqlInjectionLesson9.java,116.0,SqlInjectionLesson9,exact,verified,pr_ready,true-positive,True,True,1,src/test/java/org/owasp/webgoat/lessons/sqlinjection/introduction/SqlInjectionLesson9FsmProofTest.java,Fix Statement resource leak in SqlInjectionLesson9 on query failure,"CONFIRMED, and fixed. JUnit test `src/test/java/org/owasp/webgoat/lessons/sqlinjection/introduction/SqlInjectionLesson9FsmProofTest.java` on JDK 25 fails on the unpatched code and passes after the recorded change, so the marker describes a real defect and the fix addresses it. Root cause: The Statem"
Minor,FB.EI_EXPOSE_REP2,org/owasp/webgoat/lessons/sqlinjection/mitigation/Servers.java,44.0,Servers,exact,false_positive,false_positive,false-positive,False,False,2,src/test/java/org/owasp/webgoat/lessons/sqlinjection/mitigation/ServersFsmProofTest.java,Fix SQL injection in Servers.sort by validating column parameter,"The checker claims a constructor stores an externally supplied mutable object without defensive copying, but the referenced object is LessonDataSource, a Spring-managed service interface. Spring beans are container-managed instances, not mutable value objects like List or Date that require defensive"
Critical,TAINTED_PTR,org/owasp/webgoat/lessons/sqlinjection/mitigation/Servers.java,54.0,Servers,exact,verified,pr_ready,true-positive,True,True,3,src/test/java/org/owasp/webgoat/lessons/sqlinjection/mitigation/ServersFsmProofTest.java,Fix SQL injection in Servers ORDER BY clause via whitelist validation,"CONFIRMED, and fixed. JUnit test `src/test/java/org/owasp/webgoat/lessons/sqlinjection/mitigation/ServersFsmProofTest.java` on JDK 25 fails on the unpatched code and passes after the recorded change, so the marker describes a real defect and the fix addresses it. Root cause: The 'column' parameter i"
Major,FB.DLS_DEAD_LOCAL_STORE,org/owasp/webgoat/lessons/sqlinjection/mitigation/SqlInjectionLesson10b.java,99.0,SqlInjectionLesson10b,exact,unprovable,unprovable,unprovable,False,False,1,src/test/java/org/owasp/webgoat/lessons/sqlinjection/mitigation/SqlInjectionLesson10bFsmProofTest.java,Fix dead local store in SqlInjectionLesson10b,"The marker correctly identifies that `Boolean result = task.call();` assigns a value that is never subsequently read. The `task.call()` invocation is executed strictly for its side effect of triggering compilation and populating the `diagnosticsCollector`, which is then returned. Since the unused `r"
Minor,FB.EI_EXPOSE_REP2,org/owasp/webgoat/lessons/sqlinjection/mitigation/SqlInjectionLesson13.java,38.0,SqlInjectionLesson13,exact,false_positive,false_positive,false-positive,False,False,2,src/test/java/org/owasp/webgoat/lessons/sqlinjection/mitigation/SqlInjectionLesson13FsmProofTest.java,Suppress EI_EXPOSE_REP2 warning for LessonDataSource injection,"The marker flags the direct assignment `this.dataSource = dataSource;` in the constructor, claiming it exposes a mutable reference. However, `LessonDataSource` implements the standard JDBC `DataSource` interface, which is a container-managed, thread-safe resource that cannot be defensively copied. T"
Minor,FB.EI_EXPOSE_REP2,org/owasp/webgoat/lessons/sqlinjection/mitigation/SqlOnlyInputValidation.java,26.0,SqlOnlyInputValidation,exact,false_positive,false_positive,false-positive,False,False,2,src/test/java/org/owasp/webgoat/lessons/sqlinjection/mitigation/SqlOnlyInputValidationFsmProofTest.java,FB.EI_EXPOSE_REP2 at SqlOnlyInputValidation.java:26,"The marker flags the constructor public SqlOnlyInputValidation(SqlInjectionLesson6a lesson6a) for storing a direct reference to lesson6a, claiming it exposes internal representation to an untrusted caller. This is a false positive because the class is a Spring @RestController that relies on construc"
Minor,FB.EI_EXPOSE_REP2,org/owasp/webgoat/lessons/sqlinjection/mitigation/SqlOnlyInputValidationOnKeywords.java,30.0,SqlOnlyInputValidationOnKeywords,exact,false_positive,false_positive,false-positive,False,False,2,src/test/java/org/owasp/webgoat/lessons/sqlinjection/mitigation/SqlOnlyInputValidationOnKeywordsFsmProofTest.java,FB.EI_EXPOSE_REP2 at SqlOnlyInputValidationOnKeywords.java:30,"The constructor assigns the `lesson6a` parameter directly to `this.lesson6a`, which triggers the `EI_EXPOSE_REP2` warning about retaining mutable references. However, this class is a Spring-managed component, and the constructor is invoked exclusively by the Spring container for dependency injection"
Minor,FB.RV_RETURN_VALUE_IGNORED_NO_SIDE_EFFECT,org/owasp/webgoat/lessons/vulnerablecomponents/VulnerableComponentsLesson.java,49.0,VulnerableComponentsLesson,no-method,by_design,by_design,by-design,False,False,2,src/test/java/org/owasp/webgoat/lessons/vulnerablecomponents/VulnerableComponentsLessonFsmProofTest.java,Fix unused return value warning in VulnerableComponentsLesson,"The marker flags contact.getFirstName() at line 49 for discarding its return value. This is a deliberately vulnerable teaching example in WebGoat designed to demonstrate XStream deserialization attacks, specifically referencing CVE-2013-7285 in the adjacent comment. The method call is intentionally "
Minor,FB.EI_EXPOSE_REP2,org/owasp/webgoat/lessons/webwolfintroduction/MailAssignment.java,35.0,MailAssignment,unresolved,infra_stuck,infra_error,undetermined,False,False,3,src/test/java/org/owasp/webgoat/lessons/webwolfintroduction/MailAssignmentFsmProofTest.java,FB.EI_EXPOSE_REP2 at MailAssignment.java:35,"NOT SETTLED. The pipeline could not get this marker to a testable state after 3 attempts, so nothing here is a judgement about the code — the marker is neither confirmed nor refuted and still needs a human. What blocked it: source fetch returned nothing."
Minor,FB.EI_EXPOSE_REP2,org/owasp/webgoat/lessons/xss/CrossSiteScriptingLesson5a.java,39.0,CrossSiteScriptingLesson5a,exact,false_positive,false_positive,false-positive,False,False,2,src/test/java/org/owasp/webgoat/lessons/xss/CrossSiteScriptingLesson5aFsmProofTest.java,Fix static analysis warning by restricting XSS_PATTERN visibility,"The FB.EI_EXPOSE_REP2 warning flags the direct assignment this.userSessionData = lessonSession; in the constructor, claiming it exposes a mutable object to external modification. However, LessonSession is a Spring-managed dependency injected by the framework, not untrusted user input or an arbitrary"
Minor,FB.EI_EXPOSE_REP2,org/owasp/webgoat/lessons/xss/CrossSiteScriptingLesson6a.java,31.0,CrossSiteScriptingLesson6a,exact,false_positive,false_positive,false-positive,False,False,2,src/test/java/org/owasp/webgoat/lessons/xss/CrossSiteScriptingLesson6aFsmProofTest.java,FB.EI_EXPOSE_REP2 at CrossSiteScriptingLesson6a.java:31,"The FB.EI_EXPOSE_REP2 warning incorrectly flags standard Spring dependency injection as an encapsulation violation. The constructor at line 31 assigns the injected LessonSession reference to this.userSessionData without defensive copying, which is the expected pattern for framework-managed beans. Th"
Minor,FB.EI_EXPOSE_REP,org/owasp/webgoat/lessons/xss/CrossSiteScriptingQuiz.java,67.0,CrossSiteScriptingQuiz,exact,verified,pr_ready,true-positive,True,True,1,src/test/java/org/owasp/webgoat/lessons/xss/CrossSiteScriptingQuizFsmProofTest.java,Fix internal state exposure in CrossSiteScriptingQuiz.getResults(),"CONFIRMED, and fixed. JUnit test `src/test/java/org/owasp/webgoat/lessons/xss/CrossSiteScriptingQuizFsmProofTest.java` on JDK 25 fails on the unpatched code and passes after the recorded change, so the marker describes a real defect and the fix addresses it. Root cause: The getResults() method retur"
Minor,FB.EI_EXPOSE_REP2,org/owasp/webgoat/lessons/xss/DOMCrossSiteScripting.java,26.0,DOMCrossSiteScripting,exact,false_positive,false_positive,false-positive,False,False,2,src/test/java/org/owasp/webgoat/lessons/xss/DOMCrossSiteScriptingFsmProofTest.java,Suppress EI_EXPOSE_REP2 warning in DOMCrossSiteScripting,"The FB.EI_EXPOSE_REP2 warning incorrectly assumes the lessonSession parameter originates from untrusted external code that could mutate it post-construction. In reality, the assignment this.lessonSession = lessonSession implements standard Spring Framework constructor injection, where the IoC contai"
Major,FB.DMI_RANDOM_USED_ONLY_ONCE,org/owasp/webgoat/lessons/xss/DOMCrossSiteScripting.java,34.0,DOMCrossSiteScripting,exact,false_positive,false_positive,false-positive,False,False,2,src/test/java/org/owasp/webgoat/lessons/xss/DOMCrossSiteScriptingFsmProofTest.java,Fix DMI_RANDOM_USED_ONLY_ONCE by reusing SecureRandom instance,"The marker flags DMI_RANDOM_USED_ONLY_ONCE, which warns that java.util.Random instances created and used once produce predictable sequences. However, the code at line 34 explicitly instantiates java.security.SecureRandom, not java.util.Random. SecureRandom is seeded by operating-system entropy and i"
Normal,DEREF_OF_NULL.RET,org/owasp/webgoat/lessons/xss/DOMCrossSiteScripting.java,40.0,DOMCrossSiteScripting,exact,verified,pr_ready,true-positive,True,True,2,src/test/java/org/owasp/webgoat/lessons/xss/DOMCrossSiteScriptingFsmProofTest.java,Fix NPE in DOMCrossSiteScripting when lesson session value is null,"CONFIRMED, and fixed. JUnit test `src/test/java/org/owasp/webgoat/lessons/xss/DOMCrossSiteScriptingFsmProofTest.java` on JDK 25 fails on the unpatched code and passes after the recorded change, so the marker describes a real defect and the fix addresses it. Root cause: lessonSession.getValue(""randVa"
Minor,FB.EI_EXPOSE_REP2,org/owasp/webgoat/lessons/xss/DOMCrossSiteScriptingVerifier.java,35.0,DOMCrossSiteScriptingVerifier,exact,false_positive,false_positive,false-positive,False,False,2,src/test/java/org/owasp/webgoat/lessons/xss/DOMCrossSiteScriptingVerifierFsmProofTest.java,FB.EI_EXPOSE_REP2 at DOMCrossSiteScriptingVerifier.java:35,"The checker warns that storing lessonSession directly exposes a mutable reference to external callers, but this claim does not hold because the field is declared private final and is never exposed via getters or public methods. Since DOMCrossSiteScriptingVerifier is a Spring @RestController instanti"
Minor,FB.EI_EXPOSE_REP2,org/owasp/webgoat/lessons/xss/stored/StoredCrossSiteScriptingVerifier.java,25.0,StoredCrossSiteScriptingVerifier,exact,false_positive,false_positive,false-positive,False,False,2,src/test/java/org/owasp/webgoat/lessons/xss/stored/StoredCrossSiteScriptingVerifierFsmProofTest.java,FB.EI_EXPOSE_REP2 at StoredCrossSiteScriptingVerifier.java:25,"The marker flags the assignment this.lessonSession = lessonSession as exposing internal representation by storing a reference to an externally supplied mutable object. This is a false positive because LessonSession is a Spring-injected collaborator managed by the container, not untrusted user input."
Minor,FB.EI_EXPOSE_REP2,org/owasp/webgoat/lessons/xxe/BlindSendFileAssignment.java,50.0,BlindSendFileAssignment,exact,false_positive,false_positive,false-positive,False,False,2,src/test/java/org/owasp/webgoat/lessons/xxe/BlindSendFileAssignmentFsmProofTest.java,FB.EI_EXPOSE_REP2 at BlindSendFileAssignment.java:50,"The FB.EI_EXPOSE_REP2 warning incorrectly flags the direct assignment this.comments = comments; as an unsafe exposure of mutable state. In this context, comments is a Spring-managed CommentsCache bean injected via constructor dependency injection, not an arbitrary externally supplied object. The Spr"
Minor,FB.PATH_TRAVERSAL_IN,org/owasp/webgoat/lessons/xxe/BlindSendFileAssignment.java,56.0,BlindSendFileAssignment,exact,reproduced,fix_failed,true-positive-unfixed,True,False,2,src/test/java/org/owasp/webgoat/lessons/xxe/BlindSendFileAssignmentFsmProofTest.java,Fix path traversal vulnerability in BlindSendFileAssignment,"CONFIRMED as a real defect, but UNFIXED. JUnit test `src/test/java/org/owasp/webgoat/lessons/xxe/BlindSendFileAssignmentFsmProofTest.java` on JDK 25 fails on the unpatched code, which demonstrates the marker holds. No source-only fix could be produced that made it pass, so this marker needs a human "
Major,FB.RV_RETURN_VALUE_IGNORED_BAD_PRACTICE,org/owasp/webgoat/lessons/xxe/BlindSendFileAssignment.java,58.0,BlindSendFileAssignment,exact,false_positive,false_positive,false-positive,False,False,3,src/test/java/org/owasp/webgoat/lessons/xxe/BlindSendFileAssignmentFsmProofTest.java,Fix ignored return value of mkdirs() in BlindSendFileAssignment,"The marker flags the ignored boolean return value of targetDirectory.mkdirs(), but the implied defect of silent failure does not hold because any directory creation error is immediately surfaced downstream. If mkdirs() fails, the subsequent Files.writeString() call throws an IOException (typically N"
Normal,COLLECTION.WRONG_ARG_TYPE,org/owasp/webgoat/lessons/xxe/CommentsCache.java,91.0,CommentsCache,exact,verified,pr_ready,true-positive,True,True,2,src/test/java/org/owasp/webgoat/lessons/xxe/CommentsCacheFsmProofTest.java,Fix comment loss in XXE lesson by correcting Map key type,"CONFIRMED, and fixed. JUnit test `src/test/java/org/owasp/webgoat/lessons/xxe/CommentsCacheFsmProofTest.java` on JDK 25 fails on the unpatched code and passes after the recorded change, so the marker describes a real defect and the fix addresses it. Root cause: In addComment(), userComments.getOrDef"
Minor,FB.EI_EXPOSE_REP2,org/owasp/webgoat/lessons/xxe/CommentsEndpoint.java,23.0,CommentsEndpoint,no-method,false_positive,false_positive,false-positive,False,False,2,src/test/java/org/owasp/webgoat/lessons/xxe/CommentsEndpointFsmProofTest.java,FB.EI_EXPOSE_REP2 at CommentsEndpoint.java:23,"The marker flags the `comments` field (line 23) and its Lombok-generated constructor for directly storing a reference to a `CommentsCache` instance. However, this class is a Spring `@RestController` that relies on dependency injection via `@AllArgsConstructor`. The `CommentsCache` is a framework-man"
Minor,FB.EI_EXPOSE_REP2,org/owasp/webgoat/lessons/xxe/ContentTypeAssignment.java,42.0,ContentTypeAssignment,exact,by_design,by_design,by-design,False,False,3,src/test/java/org/owasp/webgoat/lessons/xxe/ContentTypeAssignmentFsmProofTest.java,FB.EI_EXPOSE_REP2 at ContentTypeAssignment.java:42,The FB.EI_EXPOSE_REP2 warning correctly identifies that the constructor assigns the incoming CommentsCache reference directly to this.comments without defensive copying. This assignment is intentional because CommentsCache is a Spring-managed singleton bean injected via standard constructor dependen
Minor,FB.PATH_TRAVERSAL_IN,org/owasp/webgoat/lessons/xxe/Ping.java,32.0,Ping,exact,by_design,by_design,by-design,False,True,2,src/test/java/org/owasp/webgoat/lessons/xxe/PingFsmProofTest.java,Fix path traversal vulnerability in Ping log file creation,"This marker identifies a deliberate vulnerability in WebGoat, an OWASP training application explicitly designed to host exploitable code for security education. The username parameter, injected via @CurrentUsername, is intentionally concatenated directly into new File(webGoatHomeDirectory, ""/XXE/log"
Minor,FB.DM_DEFAULT_ENCODING,org/owasp/webgoat/lessons/xxe/Ping.java,34.0,Ping,exact,reproduced,fix_failed,true-positive-unfixed,True,False,2,src/test/java/org/owasp/webgoat/lessons/xxe/PingFsmProofTest.java,Fix default charset usage in Ping log writer,"CONFIRMED as a real defect, but UNFIXED. JUnit test `src/test/java/org/owasp/webgoat/lessons/xxe/PingFsmProofTest.java` on JDK 25 fails on the unpatched code, which demonstrates the marker holds. No source-only fix could be produced that made it pass, so this marker needs a human to write the fix. T"
Minor,FB.EI_EXPOSE_REP2,org/owasp/webgoat/lessons/xxe/SimpleXXE.java,45.0,SimpleXXE,exact,reproduced,fix_failed,true-positive-unfixed,True,False,1,src/test/java/org/owasp/webgoat/lessons/xxe/SimpleXXEFsmProofTest.java,Fix EI_EXPOSE_REP2 by defensively copying CommentsCache in SimpleXXE,"CONFIRMED as a real defect, but UNFIXED. JUnit test `src/test/java/org/owasp/webgoat/lessons/xxe/SimpleXXEFsmProofTest.java` on JDK 25 fails on the unpatched code, which demonstrates the marker holds. No source-only fix could be produced that made it pass, so this marker needs a human to write the f"
Normal,NO_CATCH,org/owasp/webgoat/server/StartWebGoat.java,24.0,StartWebGoat,exact,false_positive,false_positive,false-positive,False,False,2,src/test/java/org/owasp/webgoat/server/StartWebGoatFsmProofTest.java,Fix SVACE NO_CATCH warning in StartWebGoat,"The NO_CATCH marker incorrectly claims that an unhandled checked exception is thrown at line 24. Examining the chained calls .banner(new ResourceBanner(new ClassPathResource(""banner-webwolf.txt""))), none of the involved constructors or methods (ClassPathResource(String), ResourceBanner(Resource), or"
Minor,FB.NP_NULL_ON_SOME_PATH_FROM_RETURN_VALUE,org/owasp/webgoat/server/StartWebGoat.java,44.0,StartWebGoat,exact,false_positive,false_positive,false-positive,False,True,2,src/test/java/org/owasp/webgoat/server/StartWebGoatFsmProofTest.java,FB.NP_NULL_ON_SOME_PATH_FROM_RETURN_VALUE at StartWebGoat.java:44,"The marker flags url as potentially null, but webgoat.url is a required configuration property defined in WebGoat's default application.properties, guaranteeing it is never null when printStartUpMessage runs. The static analyzer cannot inspect configuration files and conservatively assumes getProper"
Minor,FB.PATH_TRAVERSAL_IN,org/owasp/webgoat/webwolf/FileServer.java,70.0,FileServer,exact,reproduced,fix_failed,true-positive-unfixed,True,False,1,src/test/java/org/owasp/webgoat/webwolf/FileServerFsmProofTest.java,Fix path traversal vulnerability in FileServer,"CONFIRMED as a real defect, but UNFIXED. JUnit test `src/test/java/org/owasp/webgoat/webwolf/FileServerFsmProofTest.java` on JDK 25 fails on the unpatched code, which demonstrates the marker holds. No source-only fix could be produced that made it pass, so this marker needs a human to write the fix."
Major,FB.RV_RETURN_VALUE_IGNORED_BAD_PRACTICE,org/owasp/webgoat/webwolf/FileServer.java,71.0,FileServer,exact,verified,pr_ready,true-positive,True,True,2,src/test/java/org/owasp/webgoat/webwolf/FileServerFsmProofTest.java,Check mkdirs() return value in FileServer to prevent misleading exceptions,"CONFIRMED, and fixed. JUnit test `src/test/java/org/owasp/webgoat/webwolf/FileServerFsmProofTest.java` on JDK 25 fails on the unpatched code and passes after the recorded change, so the marker describes a real defect and the fix addresses it. Root cause: The return value of destinationDir.mkdirs() w"
Minor,FB.NP_NULL_ON_SOME_PATH_FROM_RETURN_VALUE,org/owasp/webgoat/webwolf/FileServer.java,79.0,FileServer,exact,verified,pr_ready,true-positive,True,True,1,src/test/java/org/owasp/webgoat/webwolf/FileServerFsmProofTest.java,Fix NPE in WebWolf FileServer when original filename is null,"CONFIRMED, and fixed. JUnit test `src/test/java/org/owasp/webgoat/webwolf/FileServerFsmProofTest.java` on JDK 25 fails on the unpatched code and passes after the recorded change, so the marker describes a real defect and the fix addresses it. Root cause: MultipartFile.getOriginalFilename() can retur"
Minor,FB.PATH_TRAVERSAL_IN,org/owasp/webgoat/webwolf/FileServer.java,79.0,FileServer,exact,verified,pr_ready,true-positive,True,True,1,src/test/java/org/owasp/webgoat/webwolf/FileServerFsmProofTest.java,Fix path traversal vulnerability in WebWolf file upload handler,"CONFIRMED, and fixed. JUnit test `src/test/java/org/owasp/webgoat/webwolf/FileServerFsmProofTest.java` on JDK 25 fails on the unpatched code and passes after the recorded change, so the marker describes a real defect and the fix addresses it. Root cause: Path traversal vulnerability: multipartFile.g"
Minor,FB.PATH_TRAVERSAL_IN,org/owasp/webgoat/webwolf/FileServer.java,90.0,FileServer,exact,verified,pr_ready,true-positive,True,True,1,src/test/java/org/owasp/webgoat/webwolf/FileServerFsmProofTest.java,Fix path traversal vulnerability in WebWolf FileServer username handling,"CONFIRMED, and fixed. JUnit test `src/test/java/org/owasp/webgoat/webwolf/FileServerFsmProofTest.java` on JDK 25 fails on the unpatched code and passes after the recorded change, so the marker describes a real defect and the fix addresses it. Root cause: The username obtained from authentication is "
Minor,FB.PATH_TRAVERSAL_IN,org/owasp/webgoat/webwolf/FileServer.java,94.0,FileServer,exact,verified,pr_ready,true-positive,True,True,1,src/test/java/org/owasp/webgoat/webwolf/FileServerFsmProofTest.java,Prevent directory traversal in WebWolf FileServer via authenticated username,"CONFIRMED, and fixed. JUnit test `src/test/java/org/owasp/webgoat/webwolf/FileServerFsmProofTest.java` on JDK 25 fails on the unpatched code and passes after the recorded change, so the marker describes a real defect and the fix addresses it. Root cause: The username from authentication is used dire"
Major,FB.RV_RETURN_VALUE_IGNORED_BAD_PRACTICE,org/owasp/webgoat/webwolf/FileServer.java,98.0,FileServer,exact,verified,pr_ready,true-positive,True,True,1,src/test/java/org/owasp/webgoat/webwolf/FileServerFsmProofTest.java,Fix ignored File.delete() return value for changeIndicatorFile,"CONFIRMED, and fixed. JUnit test `src/test/java/org/owasp/webgoat/webwolf/FileServerFsmProofTest.java` on JDK 25 fails on the unpatched code and passes after the recorded change, so the marker describes a real defect and the fix addresses it. Root cause: File.delete() returns false for non-empty dir"
Minor,FB.PATH_TRAVERSAL_IN,org/owasp/webgoat/webwolf/MvcConfiguration.java,52.0,MvcConfiguration,exact,reproduced,fix_failed,true-positive-unfixed,True,False,1,src/test/java/org/owasp/webgoat/webwolf/MvcConfigurationFsmProofTest.java,Fix path traversal vulnerability in MvcConfiguration,"CONFIRMED as a real defect, but UNFIXED. JUnit test `src/test/java/org/owasp/webgoat/webwolf/MvcConfigurationFsmProofTest.java` on JDK 25 fails on the unpatched code, which demonstrates the marker holds. No source-only fix could be produced that made it pass, so this marker needs a human to write th"
Major,FB.RV_RETURN_VALUE_IGNORED_BAD_PRACTICE,org/owasp/webgoat/webwolf/MvcConfiguration.java,54.0,MvcConfiguration,no-method,verified,pr_ready,true-positive,True,True,1,src/test/java/org/owasp/webgoat/webwolf/MvcConfigurationFsmProofTest.java,Fix silent failure when creating WebWolf directory,"CONFIRMED, and fixed. JUnit test `src/test/java/org/owasp/webgoat/webwolf/MvcConfigurationFsmProofTest.java` on JDK 25 fails on the unpatched code and passes after the recorded change, so the marker describes a real defect and the fix addresses it. Root cause: The return value of File.mkdirs() is ig"
Minor,FB.EI_EXPOSE_REP2,org/owasp/webgoat/webwolf/WebSecurityConfig.java,25.0,WebSecurityConfig,no-method,false_positive,false_positive,false-positive,False,False,2,src/test/java/org/owasp/webgoat/webwolf/WebSecurityConfigFsmProofTest.java,Suppress EI_EXPOSE_REP2 warning for injected UserService,"The marker flags the Lombok-generated constructor for @AllArgsConstructor as exposing a mutable UserService reference, but this is standard Spring constructor injection. The UserService is a framework-managed bean instantiated and injected exclusively by the Spring IoC container, not an arbitrary ob"
Minor,PROC_USE.VULNERABLE,org/owasp/webgoat/webwolf/WebSecurityConfig.java,47.0,WebSecurityConfig,exact,false_positive,false_positive,false-positive,False,False,2,src/test/java/org/owasp/webgoat/webwolf/WebSecurityConfigFsmProofTest.java,PROC_USE.VULNERABLE at WebSecurityConfig.java:47,"The checker claims a process is launched from externally-controlled data, but the method `filterChain` contains exclusively Spring Security `HttpSecurity` builder configuration. There are no invocations of `Runtime.exec()`, `ProcessBuilder`, or any OS process-launching APIs, nor is there any command"
Minor,FB.EI_EXPOSE_REP,org/owasp/webgoat/webwolf/WebSecurityConfig.java,75.0,WebSecurityConfig,exact,false_positive,false_positive,false-positive,False,False,2,src/test/java/org/owasp/webgoat/webwolf/WebSecurityConfigFsmProofTest.java,Remove redundant userDetailsServiceBean() to fix EI_EXPOSE_REP warning,"The marker flags userDetailsServiceBean() for returning a reference to the userDetailsService field, claiming it exposes mutable internal state. However, this method is annotated with @Bean, designating it as a Spring factory method whose explicit purpose is to register and expose the injected UserD"
Minor,FB.NP_NULL_ON_SOME_PATH_FROM_RETURN_VALUE,org/owasp/webgoat/webwolf/jwt/JWTController.java,32.0,JWTController,exact,false_positive,false_positive,false-positive,False,False,2,src/test/java/org/owasp/webgoat/webwolf/jwt/JWTControllerFsmProofTest.java,Fix null pointer warning in JWTController.decode,"The marker claims a null dereference occurs, but the code simply assigns the potentially null results of formData.getFirst() to local variables and passes them directly as arguments to JWTToken.decode(). No method calls, field accesses, or array indexing are performed on jwt, secretKey, or jwks with"
Minor,FB.EI_EXPOSE_REP2,org/owasp/webgoat/webwolf/requests/Requests.java,29.0,Requests,no-method,false_positive,false_positive,false-positive,False,False,2,src/test/java/org/owasp/webgoat/webwolf/requests/RequestsFsmProofTest.java,FB.EI_EXPOSE_REP2 at Requests.java:29,"The marker flags the Lombok-generated constructor for storing mutable dependencies (WebWolfTraceRepository and ObjectMapper) without defensive copying. However, FB.EI_EXPOSE_REP2 specifically requires that the stored reference is subsequently exposed to callers via a getter or public accessor, enabl"
Major,DEREF_OF_NULL.RET.LIB,org/owasp/webgoat/webwolf/requests/Requests.java,63.0,Requests,exact,false_positive,false_positive,false-positive,False,False,2,src/test/java/org/owasp/webgoat/webwolf/requests/RequestsFsmProofTest.java,Fix potential NPE in allowedTrace when request URI is null,"The marker flags req.getUri().getQuery() as potentially null before calling .contains(), but the code explicitly guards against this on the preceding line of the same else if condition with req.getUri().getQuery() != null. Because Java evaluates && expressions with short-circuit semantics, the subse"
Major,SIMILAR_BRANCHES,org/owasp/webgoat/webwolf/requests/Requests.java,63.0,Requests,exact,false_positive,false_positive,false-positive,False,False,2,src/test/java/org/owasp/webgoat/webwolf/requests/RequestsFsmProofTest.java,SIMILAR_BRANCHES at Requests.java:63,"The SIMILAR_BRANCHES warning is a false positive. The method allowedTrace initializes allowed to true and sets it to false when either of two distinct filtering conditions is met. The first guard blocks /files paths that do not contain the current username, while the second guard blocks /landing pat"
Major,DEREF_OF_NULL.RET.LIB,org/owasp/webgoat/webwolf/requests/Requests.java,65.0,Requests,exact,false_positive,false_positive,false-positive,False,False,2,src/test/java/org/owasp/webgoat/webwolf/requests/RequestsFsmProofTest.java,Fix potential NPE in allowedTrace method,"The marker flags a potential null dereference on req.getUri().getQuery().contains(...), but the code explicitly guards against this with req.getUri().getQuery() != null earlier in the same && chain. Java's short-circuit evaluation guarantees that if the query string is null, the subsequent .contains"
Minor,FB.EI_EXPOSE_REP,org/owasp/webgoat/webwolf/user/WebWolfUser.java,29.0,WebWolfUser,exact,false_positive,false_positive,false-positive,False,False,3,src/test/java/org/owasp/webgoat/webwolf/user/WebWolfUserFsmProofTest.java,Fix FB.EI_EXPOSE_REP by removing class-level @Getter,"The marker FB.EI_EXPOSE_REP incorrectly flags line 29, which resides inside the WebWolfUser constructor rather than a getter method, indicating a static-analysis misattribution. Even when evaluated against the Lombok-generated getters, the exposed fields (username, password, and the Spring Security "
